Machine_ID,cycle,Timestamp,Type,Air temperature [K],Process temperature [K],Rotational speed [rpm],Torque [Nm],Tool wear [min],TWF,HDF,PWF,OSF,RNF,Machine failure
M001,1,2026-01-01 00:00:00,M,298.1,308.6,1551,42.8,0,0,0,0,0,0,0
M001,2,2026-01-01 00:01:00,L,298.2,308.7,1408,46.3,3,0,0,0,0,0,0
M001,3,2026-01-01 00:02:00,M,298.1,308.6,1425,41.9,11,0,0,0,0,0,0
M001,4,2026-01-01 00:03:00,L,298.1,308.6,1527,40.2,16,0,0,0,0,0,0
M001,5,2026-01-01 00:04:00,H,298.4,308.9,1782,23.9,24,0,0,0,0,0,0
M001,6,2026-01-01 00:05:00,M,298.6,309.1,1339,51.1,34,0,0,0,0,0,0
M001,7,2026-01-01 00:06:00,L,299.0,309.4,1419,48.3,91,0,0,0,0,0,0
M001,8,2026-01-01 00:07:00,L,298.9,309.1,2861,4.6,143,0,0,1,0,0,1
M001,9,2026-01-01 00:08:00,L,298.7,309.0,1565,35.1,152,0,0,0,0,0,0
M001,10,2026-01-01 00:09:00,L,298.8,309.1,1513,40.3,160,0,0,0,0,0,0
M001,11,2026-01-01 00:10:00,L,299.0,309.1,1394,45.1,179,0,0,0,0,0,0
M001,12,2026-01-01 00:11:00,L,298.9,309.0,1410,65.7,191,0,0,1,1,0,1
M001,13,2026-01-01 00:12:00,L,298.8,308.9,1455,41.3,208,1,0,0,0,0,1
M001,14,2026-01-01 00:13:00,L,298.8,308.9,1398,51.5,0,0,0,0,0,0,0
M001,15,2026-01-01 00:14:00,L,298.9,308.9,1450,47.5,9,0,0,0,0,0,0
M001,16,2026-01-01 00:15:00,L,298.9,308.9,1453,40.8,11,0,0,0,0,0,0
M001,17,2026-01-01 00:16:00,L,299.0,309.0,1469,40.1,13,0,0,0,0,0,0
M001,18,2026-01-01 00:17:00,L,298.9,308.8,1529,32.7,53,0,0,0,0,0,0
M001,19,2026-01-01 00:18:00,L,298.8,308.8,1555,40.6,61,0,0,0,0,0,0
M001,20,2026-01-01 00:19:00,L,298.8,308.7,1450,43.4,66,0,0,0,0,0,0
M001,21,2026-01-01 00:20:00,L,298.8,308.7,1445,48.5,70,0,0,0,0,0,0
M001,22,2026-01-01 00:21:00,L,298.9,308.7,1572,34.1,80,0,0,0,0,0,0
M001,23,2026-01-01 00:22:00,L,298.9,308.7,1433,44.7,108,0,0,0,0,0,0
M001,24,2026-01-01 00:23:00,L,299.0,308.6,1329,60.5,120,0,0,0,0,0,0
M001,25,2026-01-01 00:24:00,L,298.9,308.6,1413,46.5,122,0,0,0,0,0,0
M001,26,2026-01-01 00:25:00,L,298.9,308.5,1559,34.3,126,0,0,0,0,0,0
M001,27,2026-01-01 00:26:00,M,298.7,308.4,1430,49.6,135,0,0,0,0,0,0
M001,28,2026-01-01 00:27:00,M,298.6,308.4,1778,28.2,161,0,0,0,0,0,0
M001,29,2026-01-01 00:28:00,L,298.4,308.2,1282,60.7,216,0,0,0,1,0,1
M001,30,2026-01-01 00:29:00,L,298.3,308.1,1412,52.3,218,0,0,0,1,0,1
M001,31,2026-01-01 00:30:00,L,298.3,308.1,1586,35.5,0,0,0,0,0,0,0
M001,32,2026-01-01 00:31:00,H,298.4,308.2,1612,32.6,10,0,0,0,0,0,0
M001,33,2026-01-01 00:32:00,L,298.4,308.3,1433,62.3,20,0,0,1,0,0,1
M001,34,2026-01-01 00:33:00,M,298.3,308.4,1539,43.4,69,0,0,0,0,0,0
M001,35,2026-01-01 00:34:00,M,298.2,308.5,2678,10.7,86,0,0,1,0,0,1
M001,36,2026-01-01 00:35:00,L,298.4,308.6,1433,47.1,101,0,0,0,0,0,0
M001,37,2026-01-01 00:36:00,M,298.4,308.7,1421,60.7,119,0,0,1,0,0,1
M001,38,2026-01-01 00:37:00,L,298.4,308.6,1477,44.0,124,0,0,0,0,0,0
M001,39,2026-01-01 00:38:00,L,298.3,308.5,1416,52.7,151,0,0,0,0,0,0
M001,40,2026-01-01 00:39:00,H,298.4,308.5,1827,24.3,153,0,0,0,0,0,0
M001,41,2026-01-01 00:40:00,L,298.3,308.6,1584,29.3,162,0,0,0,0,0,0
M001,42,2026-01-01 00:41:00,L,298.1,308.3,1495,38.7,188,0,0,0,0,0,0
M001,43,2026-01-01 00:42:00,L,298.0,308.2,1348,58.8,202,0,0,0,1,0,1
M001,44,2026-01-01 00:43:00,M,298.0,308.2,1395,49.1,206,0,0,0,0,0,0
M001,45,2026-01-01 00:44:00,L,298.0,308.2,1469,45.5,214,0,0,0,0,0,0
M001,46,2026-01-01 00:45:00,L,298.0,308.3,1362,56.8,216,0,0,0,1,0,1
M001,47,2026-01-01 00:46:00,L,298.0,308.3,1405,56.2,218,0,0,0,1,0,1
M001,48,2026-01-01 00:47:00,L,298.0,308.2,1357,48.2,7,0,0,0,0,0,0
M001,49,2026-01-01 00:48:00,M,298.1,308.2,1420,63.9,19,0,0,1,0,0,1
M001,50,2026-01-01 00:49:00,M,298.1,308.2,1736,26.8,27,0,0,0,0,0,0
M001,51,2026-01-01 00:50:00,M,298.0,308.1,1587,32.3,30,0,0,0,0,0,0
M001,52,2026-01-01 00:51:00,M,298.0,308.0,1620,29.4,75,0,0,0,0,0,0
M001,53,2026-01-01 00:52:00,L,298.2,308.2,1469,43.0,88,0,0,0,0,0,0
M001,54,2026-01-01 00:53:00,L,298.1,308.4,1436,46.7,103,0,0,0,0,0,0
M001,55,2026-01-01 00:54:00,H,298.1,308.5,1392,44.8,111,0,0,0,0,0,0
M001,56,2026-01-01 00:55:00,L,297.7,308.4,1740,27.1,136,0,0,0,0,0,0
M001,57,2026-01-01 00:56:00,H,297.8,308.4,1512,35.1,138,0,0,0,0,0,0
M001,58,2026-01-01 00:57:00,M,298.0,308.6,1453,44.1,165,0,0,0,0,0,0
M001,59,2026-01-01 00:58:00,L,297.8,308.4,1512,39.9,181,0,0,0,0,0,0
M001,60,2026-01-01 00:59:00,L,297.7,308.5,1373,56.7,203,0,0,0,1,0,1
M001,61,2026-01-01 01:00:00,M,297.5,308.1,1469,44.8,5,0,0,0,0,0,0
M001,62,2026-01-01 01:01:00,L,297.4,308.1,1474,39.4,20,0,0,0,0,0,0
M001,63,2026-01-01 01:02:00,M,297.4,308.2,1530,32.6,22,0,0,0,0,0,0
M001,64,2026-01-01 01:03:00,M,297.5,308.3,1459,45.2,34,0,0,0,0,0,0
M001,65,2026-01-01 01:04:00,L,297.5,308.3,1544,40.8,37,0,0,0,0,0,0
M001,66,2026-01-01 01:05:00,L,297.6,308.3,1623,36.9,61,0,0,0,0,0,0
M001,67,2026-01-01 01:06:00,L,297.6,308.4,1517,34.2,66,0,0,0,0,0,0
M001,68,2026-01-01 01:07:00,M,297.5,308.3,1521,38.2,74,0,0,0,0,0,0
M001,69,2026-01-01 01:08:00,H,297.6,308.3,1640,30.9,79,0,0,0,0,0,0
M001,70,2026-01-01 01:09:00,M,297.5,308.3,1622,37.2,103,0,0,0,0,0,0
M001,71,2026-01-01 01:10:00,M,297.4,308.2,1424,53.9,120,0,0,0,0,0,0
M001,72,2026-01-01 01:11:00,L,297.5,308.3,2564,12.8,127,0,0,1,0,0,1
M001,73,2026-01-01 01:12:00,L,297.5,308.5,1546,40.4,129,0,0,0,0,0,0
M001,74,2026-01-01 01:13:00,M,297.5,308.4,1350,52.2,157,0,0,0,0,0,0
M001,75,2026-01-01 01:14:00,L,297.4,308.3,1571,37.7,162,0,0,0,0,0,0
M001,76,2026-01-01 01:15:00,L,297.5,308.7,1429,44.3,201,0,0,0,0,0,0
M001,77,2026-01-01 01:16:00,M,297.3,308.3,1657,31.1,8,0,0,0,0,0,0
M001,78,2026-01-01 01:17:00,L,297.3,308.3,1484,43.9,13,0,0,0,0,0,0
M001,79,2026-01-01 01:18:00,L,297.4,308.4,1341,52.2,49,0,0,0,0,0,0
M001,80,2026-01-01 01:19:00,H,297.5,308.5,1393,46.6,56,0,0,0,0,0,0
M001,81,2026-01-01 01:20:00,L,297.4,308.5,1399,61.5,61,0,0,1,0,0,1
M001,82,2026-01-01 01:21:00,H,297.4,308.5,1469,45.1,63,0,0,0,0,0,0
M001,83,2026-01-01 01:22:00,L,297.4,308.7,1510,36.2,92,0,0,0,0,0,0
M001,84,2026-01-01 01:23:00,L,297.4,308.7,1433,43.4,116,0,0,0,0,0,0
M001,85,2026-01-01 01:24:00,L,297.4,308.7,2874,4.2,118,0,0,1,0,0,1
M001,86,2026-01-01 01:25:00,L,297.2,308.5,1550,41.5,125,0,0,0,0,0,0
M001,87,2026-01-01 01:26:00,H,297.3,308.8,1499,44.2,134,0,0,0,0,0,0
M001,88,2026-01-01 01:27:00,L,297.5,309.3,1470,38.8,197,0,0,0,0,0,0
M001,89,2026-01-01 01:28:00,H,297.5,309.3,1459,49.7,201,0,0,0,0,0,0
M001,90,2026-01-01 01:29:00,L,297.6,309.3,1610,35.0,6,0,0,0,0,0,0
M001,91,2026-01-01 01:30:00,M,297.6,309.3,1415,41.3,17,0,0,0,0,0,0
M001,92,2026-01-01 01:31:00,L,297.4,309.2,1620,33.2,28,0,0,0,0,0,0
M001,93,2026-01-01 01:32:00,L,297.6,309.5,1617,36.2,42,0,0,0,0,0,0
M001,94,2026-01-01 01:33:00,M,297.4,309.3,1499,36.8,88,0,0,0,0,0,0
M001,95,2026-01-01 01:34:00,M,297.5,309.4,1482,39.3,112,0,0,0,0,0,0
M001,96,2026-01-01 01:35:00,H,297.5,309.4,1368,45.3,129,0,0,0,0,0,0
M001,97,2026-01-01 01:36:00,M,297.7,309.7,1680,30.2,168,0,0,0,0,0,0
M001,98,2026-01-01 01:37:00,L,297.8,309.7,1935,22.1,171,0,0,0,0,0,0
M001,99,2026-01-01 01:38:00,L,297.7,309.7,1498,41.0,176,0,0,0,0,0,0
M001,100,2026-01-01 01:39:00,L,297.7,309.7,1591,37.7,196,0,0,0,0,0,0
M002,1,2026-01-01 00:00:00,M,297.8,309.7,1700,31.3,200,0,0,0,0,0,0
M002,2,2026-01-01 00:01:00,L,297.8,309.7,1341,49.2,208,0,0,0,0,0,0
M002,3,2026-01-01 00:02:00,L,297.6,309.6,1501,49.8,222,0,0,0,1,0,1
M002,4,2026-01-01 00:03:00,M,297.6,309.6,1330,53.1,7,0,0,0,0,0,0
M002,5,2026-01-01 00:04:00,H,297.6,309.6,1428,46.6,13,0,0,0,0,0,0
M002,6,2026-01-01 00:05:00,L,297.9,309.8,2000,21.3,29,0,0,0,0,0,0
M002,7,2026-01-01 00:06:00,L,297.9,309.8,1336,71.6,31,0,0,1,0,0,1
M002,8,2026-01-01 00:07:00,L,298.1,310.0,1553,40.9,49,0,0,0,0,0,0
M002,9,2026-01-01 00:08:00,L,298.1,309.9,1634,30.0,53,0,0,0,0,0,0
M002,10,2026-01-01 00:09:00,L,298.3,310.0,1507,44.7,73,0,0,0,0,0,0
M002,11,2026-01-01 00:10:00,L,298.4,310.1,1926,23.7,83,0,0,0,0,0,0
M002,12,2026-01-01 00:11:00,M,298.4,310.1,1335,57.8,96,0,0,0,0,0,0
M002,13,2026-01-01 00:12:00,L,298.0,309.6,1536,37.3,120,0,0,0,0,0,0
M002,14,2026-01-01 00:13:00,H,297.7,309.4,1608,30.2,135,0,0,0,0,0,0
M002,15,2026-01-01 00:14:00,L,297.5,308.9,1729,28.1,189,0,0,0,0,0,0
M002,16,2026-01-01 00:15:00,H,297.5,308.9,1471,37.7,197,0,0,0,0,0,0
M002,17,2026-01-01 00:16:00,H,297.8,309.0,1410,48.8,23,0,0,0,0,0,0
M002,18,2026-01-01 00:17:00,L,297.7,309.1,1563,39.3,56,0,0,0,0,0,0
M002,19,2026-01-01 00:18:00,L,297.7,309.1,1477,38.3,60,0,0,0,0,0,0
M002,20,2026-01-01 00:19:00,L,297.6,309.1,1394,50.0,62,0,0,0,0,0,0
M002,21,2026-01-01 00:20:00,L,297.6,309.0,1487,45.4,64,0,0,0,0,0,0
M002,22,2026-01-01 00:21:00,M,297.6,308.8,1453,39.7,69,0,0,0,0,0,0
M002,23,2026-01-01 00:22:00,L,297.6,308.8,1539,40.2,72,0,0,0,0,0,0
M002,24,2026-01-01 00:23:00,M,297.8,309.0,1434,43.3,96,0,0,0,0,0,0
M002,25,2026-01-01 00:24:00,L,297.7,308.9,1838,27.3,99,0,0,0,0,0,0
M002,26,2026-01-01 00:25:00,L,297.5,308.8,1477,39.0,127,0,0,0,0,0,0
M002,27,2026-01-01 00:26:00,M,297.4,308.9,1500,46.3,137,0,0,0,0,0,0
M002,28,2026-01-01 00:27:00,M,297.4,308.7,1425,50.3,152,0,0,0,0,0,0
M002,29,2026-01-01 00:28:00,M,297.3,308.6,1431,53.0,160,0,0,0,0,0,0
M002,30,2026-01-01 00:29:00,L,296.8,308.1,1289,62.0,199,0,0,0,1,0,1
M002,31,2026-01-01 00:30:00,L,296.6,308.0,1978,22.3,208,0,0,0,0,0,0
M002,32,2026-01-01 00:31:00,M,296.8,308.1,1843,24.2,212,0,0,0,0,0,0
M002,33,2026-01-01 00:32:00,L,296.8,308.0,1497,41.7,231,0,0,0,0,0,0
M002,34,2026-01-01 00:33:00,L,296.7,307.8,1646,34.6,238,0,0,0,0,0,0
M002,35,2026-01-01 00:34:00,M,296.7,307.8,1286,60.5,0,0,0,0,0,0,0
M002,36,2026-01-01 00:35:00,L,296.9,308.0,1713,29.3,13,0,0,0,0,0,0
M002,37,2026-01-01 00:36:00,H,296.8,308.0,1453,51.0,24,0,0,0,0,0,0
M002,38,2026-01-01 00:37:00,L,296.7,307.8,1468,39.2,35,0,0,0,0,0,0
M002,39,2026-01-01 00:38:00,L,296.8,307.9,1698,30.8,48,0,0,0,0,0,0
M002,40,2026-01-01 00:39:00,L,296.8,307.9,1420,45.4,70,0,0,0,0,0,0
M002,41,2026-01-01 00:40:00,L,296.9,307.8,1605,37.0,84,0,0,0,0,0,0
M002,42,2026-01-01 00:41:00,M,296.9,307.8,1828,24.6,91,0,0,0,0,0,0
M002,43,2026-01-01 00:42:00,M,297.0,307.8,1579,34.1,94,0,0,0,0,0,0
M002,44,2026-01-01 00:43:00,L,296.9,307.8,1571,35.0,102,0,0,0,0,0,0
M002,45,2026-01-01 00:44:00,M,297.0,307.9,1422,53.0,115,0,0,0,0,0,0
M002,46,2026-01-01 00:45:00,L,296.9,307.7,1424,43.3,120,0,0,0,0,0,0
M002,47,2026-01-01 00:46:00,L,296.9,307.7,1550,39.7,124,0,0,0,0,0,0
M002,48,2026-01-01 00:47:00,L,296.8,307.6,1304,48.7,142,0,0,0,0,0,0
M002,49,2026-01-01 00:48:00,L,296.6,307.4,1436,42.8,156,0,0,0,0,0,0
M002,50,2026-01-01 00:49:00,L,296.5,307.3,1566,37.2,164,0,0,0,0,0,0
M002,51,2026-01-01 00:50:00,L,296.3,307.3,1439,41.5,208,0,0,0,0,0,0
M002,52,2026-01-01 00:51:00,L,296.4,307.4,2833,5.6,213,0,0,1,0,0,1
M002,53,2026-01-01 00:52:00,L,296.3,307.3,1444,49.0,13,0,0,0,0,0,0
M002,54,2026-01-01 00:53:00,M,296.0,306.7,2044,22.3,48,0,0,0,0,0,0
M002,55,2026-01-01 00:54:00,L,295.8,306.5,1358,49.2,63,0,0,0,0,0,0
M002,56,2026-01-01 00:55:00,L,295.9,306.4,1892,21.7,72,0,0,0,0,0,0
M002,57,2026-01-01 00:56:00,M,295.8,306.3,1235,76.2,89,0,0,1,0,0,1
M002,58,2026-01-01 00:57:00,L,295.7,306.2,2270,14.6,149,0,0,1,0,0,1
M002,59,2026-01-01 00:58:00,L,295.6,306.1,1474,41.2,156,0,0,0,0,0,0
M002,60,2026-01-01 00:59:00,M,295.4,305.9,1518,40.6,178,0,0,0,0,0,0
M002,61,2026-01-01 01:00:00,M,295.3,305.8,1589,36.2,184,0,0,0,0,0,0
M002,62,2026-01-01 01:01:00,L,295.3,305.7,1475,51.0,187,0,0,0,0,0,0
M002,63,2026-01-01 01:02:00,M,295.3,305.7,1473,38.5,189,0,0,0,0,0,0
M002,64,2026-01-01 01:03:00,L,295.6,306.1,1372,55.6,215,0,0,0,1,0,1
M002,65,2026-01-01 01:04:00,L,295.6,306.0,1363,50.0,14,0,0,0,0,0,0
M002,66,2026-01-01 01:05:00,M,295.5,306.0,1326,50.8,18,0,0,0,0,0,0
M002,67,2026-01-01 01:06:00,L,295.5,306.1,1488,40.7,31,0,0,0,0,0,0
M002,68,2026-01-01 01:07:00,M,295.6,306.2,1477,45.0,40,0,0,0,0,0,0
M002,69,2026-01-01 01:08:00,L,295.6,306.3,1636,32.7,56,0,0,0,0,0,0
M002,70,2026-01-01 01:09:00,L,295.8,306.5,1534,37.9,88,0,0,0,0,0,0
M002,71,2026-01-01 01:10:00,L,295.8,306.5,1493,40.5,90,0,0,0,0,0,0
M002,72,2026-01-01 01:11:00,L,295.9,306.6,1557,41.1,113,0,0,0,0,0,0
M002,73,2026-01-01 01:12:00,L,295.8,306.6,1644,35.2,115,0,0,0,0,0,0
M002,74,2026-01-01 01:13:00,L,296.1,306.7,1409,42.8,134,0,0,0,0,0,0
M002,75,2026-01-01 01:14:00,L,296.2,306.9,1516,39.1,138,0,0,0,0,0,0
M002,76,2026-01-01 01:15:00,H,296.3,307.1,1774,25.9,154,0,0,0,0,0,0
M002,77,2026-01-01 01:16:00,M,296.1,307.1,1485,36.0,169,0,0,0,0,0,0
M002,78,2026-01-01 01:17:00,M,296.3,307.2,1446,45.9,180,0,0,0,0,0,0
M002,79,2026-01-01 01:18:00,L,296.2,307.1,1413,53.4,203,0,0,0,0,0,0
M002,80,2026-01-01 01:19:00,M,296.3,307.2,1319,68.3,24,0,0,1,0,0,1
M002,81,2026-01-01 01:20:00,L,296.3,307.2,1637,31.6,27,0,0,0,0,0,0
M002,82,2026-01-01 01:21:00,L,296.3,307.2,1291,58.6,29,0,0,0,0,0,0
M002,83,2026-01-01 01:22:00,M,296.3,307.2,1454,42.5,35,0,0,0,0,0,0
M002,84,2026-01-01 01:23:00,L,296.2,307.3,1475,37.0,44,0,0,0,0,0,0
M002,85,2026-01-01 01:24:00,L,296.3,307.4,1472,39.9,51,0,0,0,0,0,0
M002,86,2026-01-01 01:25:00,M,296.2,307.3,1477,35.2,53,0,0,0,0,0,0
M002,87,2026-01-01 01:26:00,L,296.3,307.4,1760,28.4,56,0,0,0,0,0,0
M002,88,2026-01-01 01:27:00,L,296.6,307.6,1542,37.4,88,0,0,0,0,0,0
M002,89,2026-01-01 01:28:00,L,296.4,307.5,1331,47.8,99,0,0,0,0,0,0
M002,90,2026-01-01 01:29:00,M,296.9,307.8,1477,37.2,160,0,0,0,0,0,0
M002,91,2026-01-01 01:30:00,M,297.0,307.9,1414,46.2,165,0,0,0,0,0,0
M002,92,2026-01-01 01:31:00,H,296.9,307.8,1345,54.5,172,0,0,0,0,0,0
M002,93,2026-01-01 01:32:00,L,297.0,307.8,1385,56.4,202,0,0,0,1,0,1
M002,94,2026-01-01 01:33:00,H,296.9,307.8,1549,35.8,206,1,0,0,0,0,1
M002,95,2026-01-01 01:34:00,M,296.9,307.8,1392,43.9,0,0,0,0,0,0,0
M002,96,2026-01-01 01:35:00,L,296.9,307.5,2721,9.3,18,0,0,1,0,0,1
M002,97,2026-01-01 01:36:00,L,297.0,307.6,1680,35.8,20,0,0,0,0,0,0
M002,98,2026-01-01 01:37:00,H,296.9,307.5,1397,48.3,22,0,0,0,0,0,0
M002,99,2026-01-01 01:38:00,L,296.6,307.4,1504,45.8,58,0,0,0,0,0,0
M002,100,2026-01-01 01:39:00,L,296.5,307.4,1523,40.7,85,0,0,0,0,0,0
M003,1,2026-01-01 00:00:00,L,296.5,307.6,1541,38.5,98,0,0,0,0,0,0
M003,2,2026-01-01 00:01:00,H,296.6,307.7,1386,62.3,100,0,0,1,0,0,1
M003,3,2026-01-01 00:02:00,M,296.7,307.8,1258,69.0,105,0,0,1,0,0,1
M003,4,2026-01-01 00:03:00,M,296.8,307.9,1843,25.2,116,0,0,0,0,0,0
M003,5,2026-01-01 00:04:00,M,296.9,307.8,1426,50.7,130,0,0,0,0,0,0
M003,6,2026-01-01 00:05:00,L,297.0,307.9,1296,69.1,153,0,0,1,0,0,1
M003,7,2026-01-01 00:06:00,H,297.0,307.9,1846,27.3,179,0,0,0,0,0,0
M003,8,2026-01-01 00:07:00,H,297.0,307.8,1404,40.7,184,0,0,0,0,0,0
M003,9,2026-01-01 00:08:00,L,297.0,307.8,1316,61.2,200,0,0,0,1,0,1
M003,10,2026-01-01 00:09:00,L,296.9,307.8,1400,57.1,202,0,0,0,1,0,1
M003,11,2026-01-01 00:10:00,L,297.1,308.1,1754,30.3,206,0,0,0,0,0,0
M003,12,2026-01-01 00:11:00,L,297.0,308.1,1362,52.5,213,0,0,0,1,0,1
M003,13,2026-01-01 00:12:00,L,297.3,308.4,1513,40.5,25,0,0,0,0,0,0
M003,14,2026-01-01 00:13:00,L,297.3,308.5,1497,47.5,27,0,0,0,0,0,0
M003,15,2026-01-01 00:14:00,M,297.2,308.3,1431,43.7,46,0,0,0,0,0,0
M003,16,2026-01-01 00:15:00,M,296.9,307.9,1441,47.6,60,0,0,0,0,0,0
M003,17,2026-01-01 00:16:00,H,296.9,308.0,1318,53.5,88,0,0,0,0,0,0
M003,18,2026-01-01 00:17:00,L,297.0,308.1,1489,44.1,96,0,0,0,0,0,0
M003,19,2026-01-01 00:18:00,H,297.0,308.1,2540,13.3,98,0,0,0,0,0,0
M003,20,2026-01-01 00:19:00,L,296.9,307.9,1359,56.5,110,0,0,0,0,0,0
M003,21,2026-01-01 00:20:00,L,296.9,308.0,1514,41.0,120,0,0,0,0,0,0
M003,22,2026-01-01 00:21:00,M,297.0,308.2,1702,30.7,124,0,0,0,0,0,0
M003,23,2026-01-01 00:22:00,M,296.9,308.1,1357,41.8,127,0,0,0,0,0,0
M003,24,2026-01-01 00:23:00,L,297.0,308.2,1577,29.4,130,0,0,0,0,0,0
M003,25,2026-01-01 00:24:00,M,297.0,308.3,1399,46.4,132,0,0,0,0,1,0
M003,26,2026-01-01 00:25:00,L,297.0,308.3,1399,59.0,135,0,0,0,0,0,0
M003,27,2026-01-01 00:26:00,L,297.1,308.4,1422,42.1,148,0,0,0,0,0,0
M003,28,2026-01-01 00:27:00,M,297.1,308.4,1583,38.2,150,0,0,0,0,0,0
M003,29,2026-01-01 00:28:00,L,297.2,308.6,1500,37.1,161,0,0,0,0,0,0
M003,30,2026-01-01 00:29:00,M,297.2,308.5,1364,55.6,163,0,0,0,0,0,0
M003,31,2026-01-01 00:30:00,H,297.1,308.4,1359,46.6,176,0,0,0,0,0,0
M003,32,2026-01-01 00:31:00,H,297.2,308.5,1482,39.3,187,0,0,0,0,0,0
M003,33,2026-01-01 00:32:00,L,297.1,308.4,1726,28.4,202,0,0,0,0,0,0
M003,34,2026-01-01 00:33:00,H,297.2,308.5,1653,33.3,207,0,0,0,0,0,0
M003,35,2026-01-01 00:34:00,L,297.2,308.5,1513,42.9,212,0,0,0,0,0,0
M003,36,2026-01-01 00:35:00,L,297.2,308.6,1489,40.2,214,0,0,0,0,0,0
M003,37,2026-01-01 00:36:00,H,297.5,308.8,1430,49.4,2,0,0,0,0,0,0
M003,38,2026-01-01 00:37:00,M,297.5,308.9,1535,37.7,12,0,0,0,0,0,0
M003,39,2026-01-01 00:38:00,L,297.5,308.9,1427,50.4,17,0,0,0,0,0,0
M003,40,2026-01-01 00:39:00,H,297.6,309.0,1885,25.2,24,0,0,0,0,0,0
M003,41,2026-01-01 00:40:00,L,298.0,309.5,1496,45.8,46,0,0,0,0,0,0
M003,42,2026-01-01 00:41:00,M,298.2,309.4,1693,34.4,73,0,0,0,0,0,0
M003,43,2026-01-01 00:42:00,M,298.3,309.6,1531,40.1,81,0,0,0,0,0,0
M003,44,2026-01-01 00:43:00,L,298.4,309.5,2153,15.3,98,0,0,1,0,0,1
M003,45,2026-01-01 00:44:00,H,298.7,309.8,1582,33.4,121,0,0,0,0,0,0
M003,46,2026-01-01 00:45:00,L,298.7,309.8,1402,54.3,128,0,0,0,0,0,0
M003,47,2026-01-01 00:46:00,L,298.6,309.8,1505,45.7,144,0,0,0,0,1,0
M003,48,2026-01-01 00:47:00,L,298.7,309.9,1593,42.5,146,0,0,0,0,0,0
M003,49,2026-01-01 00:48:00,L,298.9,310.1,1587,30.2,162,0,0,0,0,0,0
M003,50,2026-01-01 00:49:00,M,299.0,310.3,1635,34.5,168,0,0,0,0,0,0
M003,51,2026-01-01 00:50:00,L,299.0,310.3,1428,46.3,175,0,0,0,0,0,0
M003,52,2026-01-01 00:51:00,M,299.0,310.3,1582,33.3,177,0,0,0,0,0,0
M003,53,2026-01-01 00:52:00,L,299.0,310.3,1929,24.4,180,0,0,0,0,0,0
M003,54,2026-01-01 00:53:00,M,298.8,310.1,1243,74.5,194,0,0,1,1,0,1
M003,55,2026-01-01 00:54:00,L,298.9,310.2,1411,46.5,202,0,0,0,0,0,0
M003,56,2026-01-01 00:55:00,H,298.9,310.2,1771,26.8,216,0,0,0,0,0,0
M003,57,2026-01-01 00:56:00,L,299.0,310.3,1868,24.0,221,0,0,0,0,0,0
M003,58,2026-01-01 00:57:00,M,299.0,310.3,1558,35.4,223,0,0,0,0,0,0
M003,59,2026-01-01 00:58:00,L,299.0,310.4,1365,49.1,226,0,0,0,1,0,1
M003,60,2026-01-01 00:59:00,L,299.0,310.4,1371,53.8,228,0,0,0,1,0,1
M003,61,2026-01-01 01:00:00,L,298.6,310.1,1721,27.2,5,0,0,0,0,0,0
M003,62,2026-01-01 01:01:00,L,298.5,310.1,1809,28.9,20,0,0,0,0,0,0
M003,63,2026-01-01 01:02:00,L,298.5,310.0,1804,26.1,22,0,0,0,0,0,0
M003,64,2026-01-01 01:03:00,M,298.6,310.0,1681,35.5,44,0,0,0,0,0,0
M003,65,2026-01-01 01:04:00,M,298.7,310.1,1693,31.9,51,0,0,0,0,0,0
M003,66,2026-01-01 01:05:00,L,298.7,310.2,1404,50.3,54,0,0,0,0,0,0
M003,67,2026-01-01 01:06:00,L,298.7,310.1,1433,54.6,66,0,0,0,0,0,0
M003,68,2026-01-01 01:07:00,L,298.7,310.2,1566,33.1,68,0,0,0,0,0,0
M003,69,2026-01-01 01:08:00,L,298.7,310.1,1676,33.5,70,0,0,0,0,0,0
M003,70,2026-01-01 01:09:00,H,298.8,310.3,1708,27.1,78,0,0,0,0,0,0
M003,71,2026-01-01 01:10:00,M,298.7,310.3,1481,41.5,83,0,0,0,0,0,0
M003,72,2026-01-01 01:11:00,M,298.8,310.2,1583,35.7,116,0,0,0,0,0,0
M003,73,2026-01-01 01:12:00,L,298.9,310.2,2737,8.8,142,0,0,1,0,0,1
M003,74,2026-01-01 01:13:00,L,299.1,310.4,1594,33.3,147,0,0,0,0,0,0
M003,75,2026-01-01 01:14:00,L,299.0,310.3,1483,39.2,153,0,0,0,0,0,0
M003,76,2026-01-01 01:15:00,L,298.9,310.0,1564,33.8,183,0,0,0,0,0,0
M003,77,2026-01-01 01:16:00,M,298.9,310.1,1469,53.2,189,0,0,0,0,0,0
M003,78,2026-01-01 01:17:00,L,298.8,309.9,1320,47.4,210,0,0,0,0,0,0
M003,79,2026-01-01 01:18:00,L,298.7,309.8,1354,53.3,212,0,0,0,1,0,1
M003,80,2026-01-01 01:19:00,M,298.8,309.9,1495,35.2,214,0,0,0,0,0,0
M003,81,2026-01-01 01:20:00,L,298.7,309.7,1462,46.8,4,0,0,0,0,0,0
M003,82,2026-01-01 01:21:00,L,298.7,309.8,1394,40.3,11,0,0,0,0,0,0
M003,83,2026-01-01 01:22:00,M,298.8,309.8,1377,49.6,27,0,0,0,0,0,0
M003,84,2026-01-01 01:23:00,H,298.8,309.9,1439,45.2,40,0,0,0,0,0,1
M003,85,2026-01-01 01:24:00,L,298.8,309.9,1550,38.8,53,0,0,0,0,0,0
M003,86,2026-01-01 01:25:00,M,298.8,310.0,1486,38.5,55,0,0,0,0,0,0
M003,87,2026-01-01 01:26:00,H,299.0,310.4,1677,30.8,73,0,0,0,0,0,0
M003,88,2026-01-01 01:27:00,M,299.0,310.3,1447,39.9,78,0,0,0,0,0,0
M003,89,2026-01-01 01:28:00,L,298.9,310.4,1831,25.4,81,0,0,0,0,0,0
M003,90,2026-01-01 01:29:00,L,298.9,310.3,1364,54.0,95,0,0,0,0,0,0
M003,91,2026-01-01 01:30:00,L,298.8,310.0,1412,46.3,107,0,0,0,0,0,0
M003,92,2026-01-01 01:31:00,L,298.7,309.8,1365,50.5,111,0,0,0,0,0,0
M003,93,2026-01-01 01:32:00,M,298.0,308.7,1479,58.5,176,0,0,1,0,0,1
M003,94,2026-01-01 01:33:00,L,298.0,308.7,1268,69.4,189,0,0,1,1,0,1
M003,95,2026-01-01 01:34:00,L,298.0,308.7,1629,34.3,191,0,0,0,0,0,0
M003,96,2026-01-01 01:35:00,M,298.0,308.7,1436,48.2,201,0,0,0,0,0,0
M003,97,2026-01-01 01:36:00,L,298.0,308.7,1462,48.2,204,0,0,0,0,0,0
M003,98,2026-01-01 01:37:00,L,298.0,308.7,1771,26.2,206,0,0,0,0,0,0
M003,99,2026-01-01 01:38:00,L,298.0,308.7,1626,36.7,210,0,0,0,0,0,0
M003,100,2026-01-01 01:39:00,L,298.0,308.5,1429,37.7,220,1,0,0,0,0,1
M004,1,2026-01-01 00:00:00,M,298.1,308.7,1547,38.9,0,0,0,0,0,0,0
M004,2,2026-01-01 00:01:00,L,298.1,308.7,1568,32.9,10,0,0,0,0,0,0
M004,3,2026-01-01 00:02:00,M,298.5,309.2,1449,46.4,83,0,0,0,0,0,0
M004,4,2026-01-01 00:03:00,L,298.4,308.9,1628,34.9,93,0,0,0,0,0,0
M004,5,2026-01-01 00:04:00,M,298.4,309.0,1544,38.8,97,0,0,0,0,0,0
M004,6,2026-01-01 00:05:00,L,298.3,308.4,1528,37.3,160,0,0,0,0,0,0
M004,7,2026-01-01 00:06:00,L,298.3,308.4,1490,41.7,170,0,0,0,0,0,0
M004,8,2026-01-01 00:07:00,L,298.3,308.4,1484,43.4,172,0,0,0,0,0,0
M004,9,2026-01-01 00:08:00,M,298.2,308.3,1560,33.0,181,0,0,0,0,0,0
M004,10,2026-01-01 00:09:00,H,298.1,308.3,1530,42.0,184,0,0,0,0,0,0
M004,11,2026-01-01 00:10:00,L,298.2,308.4,1310,61.0,189,0,0,0,1,0,1
M004,12,2026-01-01 00:11:00,M,298.1,308.3,1453,41.5,204,0,0,0,0,0,0
M004,13,2026-01-01 00:12:00,L,298.2,308.4,1497,37.7,207,0,0,0,0,0,0
M004,14,2026-01-01 00:13:00,L,298.1,308.4,1592,38.2,211,0,0,0,0,0,0
M004,15,2026-01-01 00:14:00,L,298.0,308.2,1365,52.9,218,0,0,0,1,0,1
M004,16,2026-01-01 00:15:00,L,298.0,308.1,1877,24.3,0,0,0,0,0,0,0
M004,17,2026-01-01 00:16:00,L,297.9,308.0,1490,46.2,6,0,0,0,0,0,0
M004,18,2026-01-01 00:17:00,L,297.8,307.8,1597,38.2,11,0,0,0,0,0,0
M004,19,2026-01-01 00:18:00,H,297.8,307.9,1600,33.5,13,0,0,0,0,0,0
M004,20,2026-01-01 00:19:00,M,297.8,307.8,1622,32.1,18,0,0,0,0,0,0
M004,21,2026-01-01 00:20:00,M,297.9,307.9,1540,39.8,38,0,0,0,0,0,0
M004,22,2026-01-01 00:21:00,M,297.8,307.9,1802,25.8,43,0,0,0,0,0,0
M004,23,2026-01-01 00:22:00,L,297.8,307.8,1563,34.3,53,0,0,0,0,0,0
M004,24,2026-01-01 00:23:00,M,297.9,307.8,1450,43.5,106,0,0,0,0,0,0
M004,25,2026-01-01 00:24:00,M,298.0,308.0,1555,37.0,111,0,0,0,0,0,0
M004,26,2026-01-01 00:25:00,L,297.9,307.8,1373,50.2,130,0,0,0,0,0,0
M004,27,2026-01-01 00:26:00,H,298.0,307.9,1482,37.8,132,0,0,0,0,0,0
M004,28,2026-01-01 00:27:00,L,298.0,307.8,1414,51.7,140,0,0,0,0,0,0
M004,29,2026-01-01 00:28:00,L,298.2,308.1,1532,42.5,154,0,0,0,0,0,0
M004,30,2026-01-01 00:29:00,M,298.2,308.0,1411,47.2,168,0,0,0,0,0,0
M004,31,2026-01-01 00:30:00,H,298.2,307.9,1491,39.7,181,0,0,0,0,0,0
M004,32,2026-01-01 00:31:00,L,298.2,307.9,1551,36.0,186,0,0,0,0,0,0
M004,33,2026-01-01 00:32:00,L,298.2,307.9,1544,31.4,192,0,0,0,0,0,0
M004,34,2026-01-01 00:33:00,M,297.9,307.5,1647,30.8,212,0,0,0,0,0,0
M004,35,2026-01-01 00:34:00,H,297.9,307.4,1604,36.1,225,1,0,0,0,0,1
M004,36,2026-01-01 00:35:00,H,298.0,307.5,1683,27.8,26,0,0,0,0,0,0
M004,37,2026-01-01 00:36:00,L,298.0,307.6,1509,41.6,33,0,0,0,0,0,0
M004,38,2026-01-01 00:37:00,L,298.0,307.7,1479,42.5,47,0,0,0,0,0,0
M004,39,2026-01-01 00:38:00,L,298.2,307.7,1688,32.4,91,0,0,0,0,0,0
M004,40,2026-01-01 00:39:00,M,298.3,307.7,1602,33.4,106,0,0,0,0,0,0
M004,41,2026-01-01 00:40:00,M,298.3,307.7,1439,43.8,111,0,0,0,0,0,0
M004,42,2026-01-01 00:41:00,M,298.3,307.9,1485,42.0,117,0,0,0,0,0,0
M004,43,2026-01-01 00:42:00,M,298.5,308.1,1501,39.2,127,0,0,0,0,0,0
M004,44,2026-01-01 00:43:00,L,298.4,307.9,2381,14.2,164,0,0,0,0,0,0
M004,45,2026-01-01 00:44:00,H,298.4,307.7,1626,31.1,166,0,0,0,0,1,0
M004,46,2026-01-01 00:45:00,L,298.3,307.6,1942,20.6,176,0,0,0,0,0,0
M004,47,2026-01-01 00:46:00,L,298.1,307.6,1950,20.3,202,0,0,0,0,0,0
M004,48,2026-01-01 00:47:00,H,298.2,307.6,1460,48.6,204,0,0,0,0,0,0
M004,49,2026-01-01 00:48:00,L,298.2,307.6,1511,31.0,209,1,0,0,0,0,1
M004,50,2026-01-01 00:49:00,H,298.2,307.6,1318,55.7,0,0,0,0,0,0,0
M004,51,2026-01-01 00:50:00,H,298.6,308.2,1555,36.8,36,0,0,0,0,0,0
M004,52,2026-01-01 00:51:00,L,298.4,308.0,1571,37.4,50,0,0,0,0,0,0
M004,53,2026-01-01 00:52:00,L,298.3,308.0,2886,3.8,57,0,0,1,0,0,1
M004,54,2026-01-01 00:53:00,L,298.2,307.9,1313,67.3,67,0,0,1,0,0,1
M004,55,2026-01-01 00:54:00,L,298.1,307.8,1761,28.2,76,0,0,0,0,0,0
M004,56,2026-01-01 00:55:00,M,298.0,307.5,1524,36.3,98,0,0,0,0,0,0
M004,57,2026-01-01 00:56:00,H,298.0,307.6,1593,32.2,118,0,0,0,0,0,0
M004,58,2026-01-01 00:57:00,L,298.1,307.7,2567,12.8,125,0,0,1,0,0,1
M004,59,2026-01-01 00:58:00,L,298.1,307.6,1364,53.8,129,0,0,0,0,0,0
M004,60,2026-01-01 00:59:00,L,297.8,307.2,1351,56.3,174,0,0,0,0,0,0
M004,61,2026-01-01 01:00:00,M,297.8,307.4,1330,51.7,183,0,0,0,0,0,0
M004,62,2026-01-01 01:01:00,L,297.8,307.3,1327,61.0,186,0,0,0,1,0,1
M004,63,2026-01-01 01:02:00,H,297.7,307.3,1249,62.8,47,0,0,0,0,0,0
M004,64,2026-01-01 01:03:00,L,298.3,308.1,1326,58.4,90,0,0,0,0,0,0
M004,65,2026-01-01 01:04:00,L,298.3,308.0,1363,50.1,96,0,0,0,0,0,0
M004,66,2026-01-01 01:05:00,M,298.0,307.6,1581,43.4,113,0,0,0,0,0,0
M004,67,2026-01-01 01:06:00,L,297.9,307.6,1344,54.3,151,0,0,0,0,0,0
M004,68,2026-01-01 01:07:00,L,297.9,307.6,1430,52.4,178,0,0,0,0,0,0
M004,69,2026-01-01 01:08:00,M,298.0,307.8,1492,40.2,197,0,0,0,0,0,0
M004,70,2026-01-01 01:09:00,M,298.1,307.9,1463,47.3,206,0,0,0,0,0,0
M004,71,2026-01-01 01:10:00,L,298.0,307.7,1529,34.1,11,0,0,0,0,0,0
M004,72,2026-01-01 01:11:00,L,297.9,307.7,1353,50.7,13,0,0,0,0,0,0
M004,73,2026-01-01 01:12:00,M,298.1,307.9,1569,37.0,29,0,0,0,0,0,0
M004,74,2026-01-01 01:13:00,L,298.1,307.9,1698,33.3,40,0,0,0,0,0,0
M004,75,2026-01-01 01:14:00,L,298.1,308.0,1704,30.9,61,0,0,0,0,0,0
M004,76,2026-01-01 01:15:00,L,298.2,308.1,1622,34.9,67,0,0,0,0,0,0
M004,77,2026-01-01 01:16:00,L,298.2,308.1,1462,49.9,69,0,0,0,0,0,0
M004,78,2026-01-01 01:17:00,L,298.1,308.1,1410,45.8,71,0,0,0,0,0,0
M004,79,2026-01-01 01:18:00,M,298.0,307.9,1479,47.6,76,0,0,0,0,0,0
M004,80,2026-01-01 01:19:00,L,297.8,307.5,1448,51.2,107,0,0,0,0,0,0
M004,81,2026-01-01 01:20:00,L,297.7,307.5,1379,43.3,111,0,0,0,0,0,0
M004,82,2026-01-01 01:21:00,L,297.8,307.5,1581,33.1,116,0,0,0,0,0,0
M004,83,2026-01-01 01:22:00,L,297.9,307.6,1515,40.5,118,0,0,0,0,0,0
M004,84,2026-01-01 01:23:00,L,298.0,307.7,1442,43.6,148,0,0,0,0,0,0
M004,85,2026-01-01 01:24:00,M,298.0,307.6,1301,58.5,155,0,0,0,0,0,0
M004,86,2026-01-01 01:25:00,L,298.1,307.6,1498,42.9,171,0,0,0,0,0,0
M004,87,2026-01-01 01:26:00,M,298.2,307.8,1599,31.2,173,0,0,0,0,0,0
M004,88,2026-01-01 01:27:00,L,298.3,308.0,1451,47.1,196,0,0,0,0,0,0
M004,89,2026-01-01 01:28:00,M,298.4,308.0,1416,38.2,198,1,0,0,0,0,1
M004,90,2026-01-01 01:29:00,M,298.5,308.2,1564,37.5,15,0,0,0,0,0,0
M004,91,2026-01-01 01:30:00,L,298.6,308.3,1278,60.5,32,0,0,0,0,0,0
M004,92,2026-01-01 01:31:00,L,298.6,308.4,1397,46.4,36,0,0,0,0,0,0
M004,93,2026-01-01 01:32:00,L,298.5,308.2,1301,66.3,42,0,0,1,0,0,1
M004,94,2026-01-01 01:33:00,L,298.5,308.3,1458,44.0,44,0,0,0,0,0,0
M004,95,2026-01-01 01:34:00,M,298.7,308.5,1660,27.0,50,0,0,0,0,0,0
M004,96,2026-01-01 01:35:00,M,298.7,308.6,1722,24.7,64,0,0,0,0,0,0
M004,97,2026-01-01 01:36:00,M,298.7,308.3,1349,46.6,74,0,0,0,0,0,0
M004,98,2026-01-01 01:37:00,L,298.8,308.6,1331,62.8,81,0,0,0,0,0,0
M004,99,2026-01-01 01:38:00,L,299.7,309.6,1321,53.4,166,0,0,0,0,0,0
M004,100,2026-01-01 01:39:00,L,299.6,309.5,1570,35.5,189,0,0,0,0,1,0
M005,1,2026-01-01 00:00:00,L,299.6,309.4,1677,31.1,191,0,0,0,0,0,0
M005,2,2026-01-01 00:01:00,L,299.5,309.4,1390,58.8,195,0,0,0,1,0,1
M005,3,2026-01-01 00:02:00,L,299.5,309.3,1442,46.2,5,0,0,0,0,0,0
M005,4,2026-01-01 00:03:00,L,299.5,309.3,1941,22.5,18,0,0,0,0,0,0
M005,5,2026-01-01 00:04:00,L,299.5,309.2,1393,47.3,20,0,0,0,0,0,0
M005,6,2026-01-01 00:05:00,L,299.4,309.2,1433,42.1,22,0,0,0,0,0,0
M005,7,2026-01-01 00:06:00,L,299.4,309.2,1444,48.2,24,0,0,0,0,0,0
M005,8,2026-01-01 00:07:00,L,299.4,309.3,1525,41.5,30,0,0,0,0,0,0
M005,9,2026-01-01 00:08:00,M,299.5,309.4,1387,56.2,32,0,0,0,0,0,0
M005,10,2026-01-01 00:09:00,M,299.3,309.3,1471,46.0,42,0,0,0,0,0,0
M005,11,2026-01-01 00:10:00,L,299.3,309.3,1325,62.0,47,0,0,0,0,0,0
M005,12,2026-01-01 00:11:00,M,299.4,309.1,1417,47.3,59,0,0,0,0,0,0
M005,13,2026-01-01 00:12:00,L,299.4,309.0,1404,47.3,86,0,0,0,0,0,0
M005,14,2026-01-01 00:13:00,H,299.2,308.8,1908,21.3,104,0,0,0,0,0,0
M005,15,2026-01-01 00:14:00,M,299.2,308.8,1503,37.4,109,0,0,0,0,0,0
M005,16,2026-01-01 00:15:00,L,299.3,308.9,1258,69.4,119,0,0,1,0,0,1
M005,17,2026-01-01 00:16:00,L,299.4,309.0,1660,28.4,139,0,0,0,0,0,0
M005,18,2026-01-01 00:17:00,L,299.3,309.0,1511,47.8,148,0,0,0,0,0,0
M005,19,2026-01-01 00:18:00,L,299.3,308.9,1623,31.1,152,0,0,0,0,0,0
M005,20,2026-01-01 00:19:00,M,299.3,308.8,1442,49.0,165,0,0,0,0,0,0
M005,21,2026-01-01 00:20:00,L,299.4,308.9,1550,33.7,174,0,0,0,0,0,0
M005,22,2026-01-01 00:21:00,H,299.3,308.8,1397,45.4,191,0,0,0,0,0,0
M005,23,2026-01-01 00:22:00,M,299.6,309.2,1867,23.4,225,1,0,0,0,0,1
M005,24,2026-01-01 00:23:00,M,299.5,309.1,1420,49.5,5,0,0,0,0,0,0
M005,25,2026-01-01 00:24:00,M,299.5,309.2,1590,35.9,22,0,0,0,0,0,0
M005,26,2026-01-01 00:25:00,L,299.7,309.4,1445,42.9,55,0,0,0,0,0,0
M005,27,2026-01-01 00:26:00,M,299.8,309.4,1439,47.4,57,0,0,0,0,0,0
M005,28,2026-01-01 00:27:00,H,299.8,309.2,1435,42.6,111,0,0,0,0,0,0
M005,29,2026-01-01 00:28:00,L,299.7,309.1,1347,55.3,139,0,0,0,0,0,0
M005,30,2026-01-01 00:29:00,M,299.7,309.0,1465,49.0,158,0,0,0,0,0,0
M005,31,2026-01-01 00:30:00,L,299.5,308.7,2549,13.0,179,0,0,1,0,0,1
M005,32,2026-01-01 00:31:00,L,299.3,308.6,1474,49.6,191,0,0,0,0,0,0
M005,33,2026-01-01 00:32:00,L,299.2,308.4,1667,29.0,199,0,0,0,0,0,0
M005,34,2026-01-01 00:33:00,M,299.3,308.4,1542,37.5,203,1,0,0,0,0,1
M005,35,2026-01-01 00:34:00,L,299.1,308.3,1325,46.9,28,0,0,0,0,0,0
M005,36,2026-01-01 00:35:00,L,299.1,308.3,1559,33.7,30,0,0,0,0,0,0
M005,37,2026-01-01 00:36:00,M,299.2,308.4,1330,51.2,56,0,0,0,0,0,0
M005,38,2026-01-01 00:37:00,L,299.2,308.5,1370,52.4,61,0,0,0,0,0,0
M005,39,2026-01-01 00:38:00,L,299.2,308.5,1438,46.6,63,0,0,0,0,0,0
M005,40,2026-01-01 00:39:00,M,299.3,308.6,1448,52.1,71,0,0,0,0,0,0
M005,41,2026-01-01 00:40:00,L,299.4,308.7,1504,37.8,112,0,0,0,0,0,0
M005,42,2026-01-01 00:41:00,L,299.4,308.7,1446,62.9,134,0,0,1,0,0,1
M005,43,2026-01-01 00:42:00,M,299.1,308.6,1491,38.5,166,0,0,0,0,0,0
M005,44,2026-01-01 00:43:00,M,299.1,308.8,1725,26.6,172,0,0,0,0,0,0
M005,45,2026-01-01 00:44:00,L,299.2,308.9,1368,47.2,175,0,0,0,0,0,0
M005,46,2026-01-01 00:45:00,L,299.2,308.9,1526,37.9,177,0,0,0,0,0,0
M005,47,2026-01-01 00:46:00,M,299.2,308.8,1700,33.5,185,0,0,0,0,0,0
M005,48,2026-01-01 00:47:00,M,299.2,308.8,1314,52.5,193,0,0,0,0,0,0
M005,49,2026-01-01 00:48:00,L,299.3,308.7,1579,36.3,211,0,0,0,0,0,0
M005,50,2026-01-01 00:49:00,L,299.3,308.6,1384,53.6,218,0,0,0,1,0,1
M005,51,2026-01-01 00:50:00,L,299.2,308.5,1378,50.4,220,0,0,0,1,0,1
M005,52,2026-01-01 00:51:00,L,299.2,308.4,1509,39.4,0,0,0,0,0,0,0
M005,53,2026-01-01 00:52:00,L,299.2,308.4,1475,38.7,22,0,0,0,0,0,0
M005,54,2026-01-01 00:53:00,L,299.2,308.3,1410,43.0,26,0,0,0,0,0,0
M005,55,2026-01-01 00:54:00,M,299.3,308.5,1386,42.2,30,0,0,0,0,0,0
M005,56,2026-01-01 00:55:00,M,299.2,308.4,1381,42.5,54,0,0,0,0,0,0
M005,57,2026-01-01 00:56:00,M,299.3,308.4,1468,42.2,83,0,0,0,0,0,0
M005,58,2026-01-01 00:57:00,M,299.2,308.4,1856,22.7,86,0,0,0,0,0,0
M005,59,2026-01-01 00:58:00,L,299.3,308.5,1409,44.8,91,0,0,0,0,0,0
M005,60,2026-01-01 00:59:00,M,299.2,308.4,1476,32.7,101,0,0,0,0,0,0
M005,61,2026-01-01 01:00:00,L,299.1,308.2,1568,33.3,123,0,0,0,0,0,0
M005,62,2026-01-01 01:01:00,M,299.2,308.5,1474,47.2,132,0,0,0,0,0,0
M005,63,2026-01-01 01:02:00,M,299.1,308.7,2008,20.3,178,0,0,0,0,0,0
M005,64,2026-01-01 01:03:00,L,299.1,308.6,1437,41.6,183,0,0,0,0,0,0
M005,65,2026-01-01 01:04:00,M,299.1,308.6,1499,45.1,185,0,0,0,0,0,0
M005,66,2026-01-01 01:05:00,L,299.0,308.4,1356,52.6,188,0,0,0,0,0,0
M005,67,2026-01-01 01:06:00,L,299.1,308.6,1408,46.7,196,0,0,0,0,0,0
M005,68,2026-01-01 01:07:00,L,298.8,308.1,1472,53.5,28,0,0,0,0,0,0
M005,69,2026-01-01 01:08:00,M,298.9,308.2,1372,63.6,30,0,0,1,0,0,1
M005,70,2026-01-01 01:09:00,M,299.1,308.4,1330,53.6,62,0,0,0,0,0,0
M005,71,2026-01-01 01:10:00,M,299.1,308.4,1332,51.7,71,0,0,0,0,0,0
M005,72,2026-01-01 01:11:00,L,299.2,308.6,1267,68.2,76,0,0,1,0,0,1
M005,73,2026-01-01 01:12:00,L,298.9,308.5,1742,34.5,117,0,0,0,0,0,0
M005,74,2026-01-01 01:13:00,L,298.9,308.6,1481,40.7,124,0,0,0,0,0,0
M005,75,2026-01-01 01:14:00,L,298.9,308.5,1467,44.7,136,0,0,0,0,0,0
M005,76,2026-01-01 01:15:00,L,298.9,308.5,1429,55.1,140,0,0,0,0,0,0
M005,77,2026-01-01 01:16:00,H,298.9,308.4,1449,42.4,149,0,0,0,0,0,0
M005,78,2026-01-01 01:17:00,L,298.9,308.5,1387,57.3,154,0,0,0,0,0,0
M005,79,2026-01-01 01:18:00,L,298.9,308.7,1504,41.8,165,0,0,0,0,0,0
M005,80,2026-01-01 01:19:00,L,299.1,308.8,1329,53.6,207,0,0,0,1,0,1
M005,81,2026-01-01 01:20:00,M,299.2,308.9,1573,37.4,212,0,0,0,0,0,0
M005,82,2026-01-01 01:21:00,L,299.1,308.9,1467,47.2,218,0,0,0,0,0,0
M005,83,2026-01-01 01:22:00,M,299.1,308.9,1325,48.4,220,0,0,0,0,0,0
M005,84,2026-01-01 01:23:00,L,299.2,309.0,1515,48.9,228,0,0,0,1,0,1
M005,85,2026-01-01 01:24:00,L,299.2,309.0,1408,47.2,0,0,0,0,0,0,0
M005,86,2026-01-01 01:25:00,L,298.8,308.7,1635,35.2,47,0,0,0,0,0,0
M005,87,2026-01-01 01:26:00,L,298.8,308.6,1730,25.9,59,0,0,0,0,0,0
M005,88,2026-01-01 01:27:00,L,298.9,308.7,1438,51.7,64,0,0,0,0,0,0
M005,89,2026-01-01 01:28:00,L,299.0,308.8,1495,38.4,75,0,0,0,0,0,0
M005,90,2026-01-01 01:29:00,H,298.9,308.7,1353,48.1,79,0,0,0,0,0,0
M005,91,2026-01-01 01:30:00,M,299.2,309.0,1541,36.3,104,0,0,0,0,0,0
M005,92,2026-01-01 01:31:00,L,299.2,309.1,1605,34.3,107,0,0,0,0,0,0
M005,93,2026-01-01 01:32:00,M,299.3,309.2,1440,37.5,111,0,0,0,0,0,0
M005,94,2026-01-01 01:33:00,M,299.2,309.0,1881,23.9,137,0,0,0,0,0,0
M005,95,2026-01-01 01:34:00,L,299.3,309.0,1447,50.4,140,0,0,0,0,1,0
M005,96,2026-01-01 01:35:00,L,299.4,309.2,1607,31.7,145,0,0,0,0,0,0
M005,97,2026-01-01 01:36:00,L,299.2,309.1,1345,60.7,191,0,0,0,1,0,1
M005,98,2026-01-01 01:37:00,L,299.0,308.7,1706,28.6,206,0,0,0,0,0,0
M005,99,2026-01-01 01:38:00,L,299.0,308.7,2250,16.6,208,0,0,0,0,0,0
M005,100,2026-01-01 01:39:00,L,299.1,308.8,1320,67.5,20,0,0,1,0,0,1
M006,1,2026-01-01 00:00:00,L,299.3,309.1,1399,52.1,27,0,0,0,0,0,0
M006,2,2026-01-01 00:01:00,L,299.4,309.2,1427,41.5,29,0,0,0,0,0,0
M006,3,2026-01-01 00:02:00,H,299.4,309.3,1534,37.5,39,0,0,0,0,0,0
M006,4,2026-01-01 00:03:00,H,299.7,309.5,1375,46.8,86,0,0,0,0,0,0
M006,5,2026-01-01 00:04:00,L,299.8,309.4,1408,45.6,156,0,0,0,0,0,0
M006,6,2026-01-01 00:05:00,L,299.9,309.5,1349,51.3,176,0,0,0,0,0,0
M006,7,2026-01-01 00:06:00,H,299.7,309.2,1691,27.7,203,0,0,0,0,0,0
M006,8,2026-01-01 00:07:00,M,299.7,309.3,1399,41.9,221,1,0,0,0,0,1
M006,9,2026-01-01 00:08:00,L,299.8,309.4,1633,27.5,29,0,0,0,0,0,0
M006,10,2026-01-01 00:09:00,L,299.9,309.4,1348,52.8,31,0,0,0,0,0,0
M006,11,2026-01-01 00:10:00,M,299.7,309.2,1608,34.4,68,0,0,0,0,0,0
M006,12,2026-01-01 00:11:00,M,299.6,309.0,1539,36.1,76,0,0,0,0,0,0
M006,13,2026-01-01 00:12:00,L,299.6,309.1,1641,35.8,81,0,0,0,0,0,0
M006,14,2026-01-01 00:13:00,L,299.5,309.1,1357,47.3,106,0,0,0,0,0,0
M006,15,2026-01-01 00:14:00,H,299.7,309.2,1572,32.8,142,0,0,0,0,0,0
M006,16,2026-01-01 00:15:00,L,299.8,309.2,1572,35.4,158,0,0,0,0,0,0
M006,17,2026-01-01 00:16:00,L,299.6,309.1,1369,51.4,164,0,0,0,0,0,0
M006,18,2026-01-01 00:17:00,M,299.7,309.2,1685,28.9,179,0,0,0,0,0,1
M006,19,2026-01-01 00:18:00,H,299.7,309.2,1456,40.6,182,0,0,0,0,0,0
M006,20,2026-01-01 00:19:00,M,299.7,309.1,1851,24.7,189,0,0,0,0,0,0
M006,21,2026-01-01 00:20:00,L,299.8,309.2,1400,42.6,210,0,0,0,0,0,0
M006,22,2026-01-01 00:21:00,L,299.8,309.3,1299,65.1,212,0,0,0,1,0,1
M006,23,2026-01-01 00:22:00,L,299.8,309.2,1491,47.5,216,0,0,0,0,0,0
M006,24,2026-01-01 00:23:00,L,299.9,309.4,1858,22.5,22,0,0,0,0,0,0
M006,25,2026-01-01 00:24:00,L,300.1,309.4,1559,39.7,24,0,0,0,0,0,0
M006,26,2026-01-01 00:25:00,L,300.1,309.5,1353,50.9,34,0,0,0,0,0,0
M006,27,2026-01-01 00:26:00,M,300.3,309.6,1524,38.4,54,0,0,0,0,0,0
M006,28,2026-01-01 00:27:00,L,300.3,309.6,1597,31.8,73,0,0,0,0,0,0
M006,29,2026-01-01 00:28:00,M,300.2,309.5,1642,28.8,92,0,0,0,0,0,0
M006,30,2026-01-01 00:29:00,M,300.3,309.6,1509,46.6,95,0,0,0,0,0,0
M006,31,2026-01-01 00:30:00,L,299.9,309.2,1761,25.6,115,0,0,0,0,0,0
M006,32,2026-01-01 00:31:00,M,300.1,309.4,1569,31.6,124,0,0,0,0,0,0
M006,33,2026-01-01 00:32:00,L,300.2,309.5,1356,51.1,133,0,0,0,0,0,0
M006,34,2026-01-01 00:33:00,L,300.3,309.4,1470,33.5,148,0,0,0,0,0,0
M006,35,2026-01-01 00:34:00,L,300.3,309.3,1612,36.0,158,0,0,0,0,0,0
M006,36,2026-01-01 00:35:00,L,300.3,309.2,1807,26.4,169,0,0,0,0,0,0
M006,37,2026-01-01 00:36:00,M,300.3,309.1,1458,44.3,175,0,0,0,0,0,0
M006,38,2026-01-01 00:37:00,H,300.4,309.4,1487,38.9,185,0,0,0,0,0,0
M006,39,2026-01-01 00:38:00,L,300.3,309.3,1345,53.5,192,0,0,0,0,0,0
M006,40,2026-01-01 00:39:00,L,300.3,309.2,1398,54.4,198,0,0,0,0,0,0
M006,41,2026-01-01 00:40:00,L,300.3,309.2,1412,44.8,200,0,0,0,0,0,0
M006,42,2026-01-01 00:41:00,L,300.5,309.3,1417,51.5,231,0,0,0,1,0,1
M006,43,2026-01-01 00:42:00,L,300.6,309.5,1867,23.0,242,0,0,0,0,0,0
M006,44,2026-01-01 00:43:00,H,300.6,309.4,1380,47.6,246,1,0,0,0,0,1
M006,45,2026-01-01 00:44:00,H,300.7,309.7,1623,32.7,0,0,0,0,0,0,0
M006,46,2026-01-01 00:45:00,M,300.8,309.7,1519,39.7,16,0,0,0,0,0,0
M006,47,2026-01-01 00:46:00,M,300.5,309.3,1578,30.5,34,0,0,0,0,0,0
M006,48,2026-01-01 00:47:00,M,300.6,309.4,1367,63.2,45,0,0,1,0,0,1
M006,49,2026-01-01 00:48:00,M,300.6,309.6,1588,37.0,50,0,0,0,0,0,0
M006,50,2026-01-01 00:49:00,L,300.6,309.6,1684,32.8,53,0,0,0,0,0,0
M006,51,2026-01-01 00:50:00,L,300.6,309.6,1409,42.4,57,0,0,0,0,0,0
M006,52,2026-01-01 00:51:00,L,300.7,309.6,1733,24.8,85,0,0,0,0,0,0
M006,53,2026-01-01 00:52:00,M,300.7,309.6,1473,48.1,87,0,0,0,0,0,0
M006,54,2026-01-01 00:53:00,M,300.6,309.5,1550,40.2,96,0,0,0,0,0,0
M006,55,2026-01-01 00:54:00,M,300.6,309.4,1581,35.7,117,0,0,0,0,0,0
M006,56,2026-01-01 00:55:00,L,300.7,309.6,1500,44.1,122,0,0,0,0,0,0
M006,57,2026-01-01 00:56:00,L,300.7,309.6,1661,30.3,129,0,0,0,0,0,0
M006,58,2026-01-01 00:57:00,L,300.7,309.6,1541,34.6,131,0,0,0,0,0,0
M006,59,2026-01-01 00:58:00,H,300.6,309.6,1888,20.5,133,0,0,0,0,0,0
M006,60,2026-01-01 00:59:00,L,300.8,309.8,1657,31.1,151,0,0,0,0,0,0
M006,61,2026-01-01 01:00:00,M,300.7,309.6,1421,49.8,165,0,0,0,0,0,0
M006,62,2026-01-01 01:01:00,L,300.9,309.7,1460,42.1,181,0,0,0,0,0,0
M006,63,2026-01-01 01:02:00,M,300.7,309.6,1996,19.8,203,1,0,0,0,0,1
M006,64,2026-01-01 01:03:00,M,300.7,309.5,1622,30.5,14,0,0,0,0,0,0
M006,65,2026-01-01 01:04:00,L,300.7,309.5,1592,29.0,17,0,0,0,0,0,0
M006,66,2026-01-01 01:05:00,L,300.8,309.6,1498,45.8,47,0,0,0,0,0,0
M006,67,2026-01-01 01:06:00,L,300.7,309.5,1508,39.9,59,0,0,0,0,0,0
M006,68,2026-01-01 01:07:00,L,300.6,309.3,1601,40.2,69,0,0,0,0,0,0
M006,69,2026-01-01 01:08:00,L,300.6,309.4,1468,44.1,76,0,0,0,0,0,0
M006,70,2026-01-01 01:09:00,L,300.6,309.8,1455,48.0,125,0,0,0,0,0,0
M006,71,2026-01-01 01:10:00,L,300.5,309.8,1461,52.5,146,0,0,0,0,0,0
M006,72,2026-01-01 01:11:00,L,300.5,309.8,1550,37.4,148,0,0,0,0,0,0
M006,73,2026-01-01 01:12:00,L,300.5,309.8,1345,62.7,153,0,0,0,0,0,0
M006,74,2026-01-01 01:13:00,H,300.5,309.8,1324,72.8,159,0,0,1,0,0,1
M006,75,2026-01-01 01:14:00,M,300.4,309.7,1466,39.8,184,0,0,0,0,0,0
M006,76,2026-01-01 01:15:00,L,300.5,309.8,1441,48.8,200,0,0,0,0,0,0
M006,77,2026-01-01 01:16:00,L,300.5,309.8,1379,54.2,207,0,0,0,1,0,1
M006,78,2026-01-01 01:17:00,L,300.4,309.6,1543,38.1,209,0,0,0,0,0,0
M006,79,2026-01-01 01:18:00,L,300.5,309.5,1379,55.6,2,0,0,0,0,0,0
M006,80,2026-01-01 01:19:00,M,300.6,309.7,1934,22.8,15,0,0,0,0,0,0
M006,81,2026-01-01 01:20:00,L,300.4,309.5,1543,38.9,37,0,0,0,0,0,0
M006,82,2026-01-01 01:21:00,M,300.2,309.4,1459,43.9,39,0,0,0,0,0,0
M006,83,2026-01-01 01:22:00,H,300.2,309.3,1506,35.6,63,0,0,0,0,0,0
M006,84,2026-01-01 01:23:00,L,300.1,309.1,1400,46.7,77,0,0,0,0,0,0
M006,85,2026-01-01 01:24:00,M,300.1,309.2,1687,27.7,95,0,0,0,0,1,0
M006,86,2026-01-01 01:25:00,M,299.9,309.2,1539,43.2,132,0,0,0,0,0,0
M006,87,2026-01-01 01:26:00,M,300.0,309.3,2293,16.3,170,0,0,0,0,0,0
M006,88,2026-01-01 01:27:00,M,299.9,309.2,1353,49.8,182,0,0,0,0,0,0
M006,89,2026-01-01 01:28:00,H,299.8,309.0,1467,37.3,193,0,0,0,0,0,0
M006,90,2026-01-01 01:29:00,L,299.8,309.1,1668,30.3,200,0,0,0,0,0,0
M006,91,2026-01-01 01:30:00,L,299.8,309.1,1485,39.9,207,0,0,0,0,0,0
M006,92,2026-01-01 01:31:00,L,299.9,309.2,1491,44.3,214,0,0,0,0,0,0
M006,93,2026-01-01 01:32:00,M,300.1,309.3,1469,43.9,20,0,0,0,0,0,0
M006,94,2026-01-01 01:33:00,H,300.1,309.4,1563,40.8,28,0,0,0,0,0,0
M006,95,2026-01-01 01:34:00,L,300.0,309.4,1499,35.7,46,0,0,0,0,0,0
M006,96,2026-01-01 01:35:00,H,300.2,309.6,1442,49.2,61,0,0,0,0,0,0
M006,97,2026-01-01 01:36:00,L,300.4,309.9,1567,36.5,72,0,0,0,0,0,0
M006,98,2026-01-01 01:37:00,L,300.4,309.9,1376,43.5,74,0,0,0,0,0,0
M006,99,2026-01-01 01:38:00,H,300.4,309.9,2563,12.8,81,0,0,1,0,0,1
M006,100,2026-01-01 01:39:00,L,300.5,310.0,1521,45.1,86,0,0,0,0,0,0
M007,1,2026-01-01 00:00:00,L,300.6,310.0,1658,34.7,88,0,0,0,0,0,0
M007,2,2026-01-01 00:01:00,L,300.4,309.8,1314,63.1,146,0,0,0,0,0,0
M007,3,2026-01-01 00:02:00,L,300.5,309.9,1480,40.0,148,0,0,0,0,0,0
M007,4,2026-01-01 00:03:00,L,300.4,309.8,1549,38.9,150,0,0,0,0,0,0
M007,5,2026-01-01 00:04:00,L,300.4,309.7,1685,31.3,152,0,0,0,0,0,0
M007,6,2026-01-01 00:05:00,L,300.3,309.6,1468,44.7,179,0,0,0,0,0,0
M007,7,2026-01-01 00:06:00,M,300.1,309.3,1443,50.3,196,0,0,0,0,0,0
M007,8,2026-01-01 00:07:00,M,300.1,309.2,1438,51.0,211,0,0,0,0,0,0
M007,9,2026-01-01 00:08:00,M,300.0,309.1,1463,45.7,11,0,0,0,0,0,0
M007,10,2026-01-01 00:09:00,M,300.1,309.1,1533,38.0,26,0,0,0,0,0,0
M007,11,2026-01-01 00:10:00,M,300.1,309.0,1612,33.0,34,0,0,0,0,0,0
M007,12,2026-01-01 00:11:00,M,300.3,309.2,1364,47.6,45,0,0,0,0,0,0
M007,13,2026-01-01 00:12:00,M,300.7,309.6,1525,36.5,71,0,0,0,0,0,0
M007,14,2026-01-01 00:13:00,L,300.5,309.3,1465,46.0,89,0,0,0,0,0,0
M007,15,2026-01-01 00:14:00,L,300.7,309.3,1425,45.3,100,0,0,0,0,0,0
M007,16,2026-01-01 00:15:00,M,300.8,309.4,1342,62.4,113,0,1,0,0,0,1
M007,17,2026-01-01 00:16:00,L,300.9,309.6,1384,42.4,131,0,0,0,0,0,0
M007,18,2026-01-01 00:17:00,M,301.0,309.6,1588,32.7,138,0,0,0,0,0,0
M007,19,2026-01-01 00:18:00,L,301.0,309.7,1468,42.0,141,0,0,0,0,0,0
M007,20,2026-01-01 00:19:00,M,301.0,309.8,1594,31.1,143,0,0,0,0,0,0
M007,21,2026-01-01 00:20:00,M,301.3,310.0,2068,17.8,176,0,0,0,0,0,0
M007,22,2026-01-01 00:21:00,L,301.3,310.0,1344,54.8,186,0,0,0,0,0,0
M007,23,2026-01-01 00:22:00,H,301.3,310.1,1455,44.1,188,0,0,0,0,0,0
M007,24,2026-01-01 00:23:00,L,301.3,310.1,1355,53.6,193,0,0,0,0,0,0
M007,25,2026-01-01 00:24:00,L,301.3,310.1,1269,56.8,195,0,0,0,1,0,1
M007,26,2026-01-01 00:25:00,L,301.3,310.0,1665,31.4,0,0,0,0,0,0,0
M007,27,2026-01-01 00:26:00,L,301.2,310.3,1548,38.6,59,0,0,0,0,0,0
M007,28,2026-01-01 00:27:00,L,301.4,310.4,1433,43.4,86,0,0,0,0,0,0
M007,29,2026-01-01 00:28:00,M,301.4,310.5,1217,60.6,103,0,0,0,0,0,0
M007,30,2026-01-01 00:29:00,L,301.6,310.9,1492,45.2,155,0,0,0,0,0,0
M007,31,2026-01-01 00:30:00,L,301.4,310.8,1285,62.6,183,0,0,0,1,0,1
M007,32,2026-01-01 00:31:00,L,301.6,310.9,1632,31.6,189,0,0,0,0,0,0
M007,33,2026-01-01 00:32:00,L,301.6,310.8,1355,57.8,195,0,0,0,1,0,1
M007,34,2026-01-01 00:33:00,L,301.5,310.9,2760,8.0,15,0,0,1,0,0,1
M007,35,2026-01-01 00:34:00,L,301.4,310.7,1376,50.6,25,0,0,0,0,0,0
M007,36,2026-01-01 00:35:00,L,301.3,310.6,1510,38.5,47,0,0,0,0,0,0
M007,37,2026-01-01 00:36:00,L,301.3,310.6,1426,40.7,54,0,0,0,0,0,0
M007,38,2026-01-01 00:37:00,M,301.6,310.8,1290,65.3,63,0,0,0,0,0,0
M007,39,2026-01-01 00:38:00,M,301.5,310.7,1416,53.2,69,0,0,0,0,0,0
M007,40,2026-01-01 00:39:00,M,301.4,310.6,1459,35.0,87,0,0,0,0,0,0
M007,41,2026-01-01 00:40:00,L,301.4,310.6,1648,30.7,90,0,0,0,0,0,0
M007,42,2026-01-01 00:41:00,L,301.2,310.4,1381,49.8,115,0,0,0,0,0,0
M007,43,2026-01-01 00:42:00,L,301.4,310.4,1579,36.9,133,0,0,0,0,0,0
M007,44,2026-01-01 00:43:00,M,301.5,310.5,1612,29.8,148,0,0,0,0,0,0
M007,45,2026-01-01 00:44:00,L,301.6,310.6,1562,34.4,162,0,0,0,0,0,0
M007,46,2026-01-01 00:45:00,M,301.5,310.5,1412,44.1,184,0,0,0,0,0,0
M007,47,2026-01-01 00:46:00,H,301.6,310.5,1602,32.3,2,0,0,0,0,1,0
M007,48,2026-01-01 00:47:00,M,301.5,310.4,2639,12.0,21,0,0,1,0,0,1
M007,49,2026-01-01 00:48:00,L,301.5,310.4,1270,54.2,26,0,0,0,0,0,0
M007,50,2026-01-01 00:49:00,L,301.8,310.7,1441,49.3,58,0,0,0,0,0,0
M007,51,2026-01-01 00:50:00,H,301.9,311.0,1336,63.6,111,0,0,0,0,0,0
M007,52,2026-01-01 00:51:00,M,301.7,310.8,1502,34.4,157,0,0,0,0,0,0
M007,53,2026-01-01 00:52:00,L,301.8,311.0,1771,27.2,162,0,0,0,0,0,0
M007,54,2026-01-01 00:53:00,L,301.7,311.0,1474,42.6,164,0,0,0,0,0,0
M007,55,2026-01-01 00:54:00,M,301.9,311.1,1605,40.0,179,0,0,0,0,0,0
M007,56,2026-01-01 00:55:00,L,301.9,311.0,1376,44.9,186,0,0,0,0,0,0
M007,57,2026-01-01 00:56:00,L,301.8,311.0,1651,32.5,195,0,0,0,0,0,0
M007,58,2026-01-01 00:57:00,L,301.8,310.9,1521,39.3,197,0,0,0,0,0,0
M007,59,2026-01-01 00:58:00,L,301.8,310.9,1609,31.7,202,0,0,0,0,0,0
M007,60,2026-01-01 00:59:00,L,302.0,310.9,1378,53.1,212,0,0,0,1,0,1
M007,61,2026-01-01 01:00:00,L,301.9,310.9,1567,39.0,214,1,0,0,0,0,1
M007,62,2026-01-01 01:01:00,M,301.9,310.9,1483,37.0,35,0,0,0,0,0,0
M007,63,2026-01-01 01:02:00,M,301.9,311.0,1467,48.1,43,0,0,0,0,0,0
M007,64,2026-01-01 01:03:00,L,301.8,310.7,1551,37.7,64,0,0,0,0,0,0
M007,65,2026-01-01 01:04:00,L,301.7,310.6,1743,26.2,71,0,0,0,0,0,0
M007,66,2026-01-01 01:05:00,M,301.8,310.6,1552,35.9,97,0,0,0,0,0,0
M007,67,2026-01-01 01:06:00,H,301.8,310.6,1441,46.3,100,0,0,0,0,0,0
M007,68,2026-01-01 01:07:00,M,301.7,310.6,1691,27.7,105,0,0,0,0,0,0
M007,69,2026-01-01 01:08:00,L,301.7,310.5,1567,39.1,114,0,0,0,0,0,0
M007,70,2026-01-01 01:09:00,M,301.7,310.5,1625,35.9,121,0,0,0,0,0,0
M007,71,2026-01-01 01:10:00,L,301.8,310.6,2672,11.8,124,0,0,1,0,0,1
M007,72,2026-01-01 01:11:00,L,301.8,310.6,1650,31.9,126,0,0,0,0,0,0
M007,73,2026-01-01 01:12:00,H,301.7,310.5,1388,50.5,176,0,0,0,0,0,0
M007,74,2026-01-01 01:13:00,L,301.7,310.7,1641,31.9,192,0,0,0,0,0,0
M007,75,2026-01-01 01:14:00,L,301.7,310.9,1405,46.4,207,1,0,0,0,1,1
M007,76,2026-01-01 01:15:00,L,301.8,311.0,1529,41.6,12,0,0,0,0,0,0
M007,77,2026-01-01 01:16:00,M,302.0,311.4,1587,35.9,30,0,0,0,0,0,0
M007,78,2026-01-01 01:17:00,M,302.2,311.5,1360,53.0,36,0,0,0,0,0,0
M007,79,2026-01-01 01:18:00,L,302.3,311.6,1398,49.1,119,0,0,0,0,0,0
M007,80,2026-01-01 01:19:00,M,302.3,311.7,1517,37.6,124,0,0,0,0,0,0
M007,81,2026-01-01 01:20:00,M,302.3,311.6,1608,39.9,136,0,0,0,0,0,0
M007,82,2026-01-01 01:21:00,L,302.3,311.7,1510,38.7,141,0,0,0,0,0,0
M007,83,2026-01-01 01:22:00,L,302.4,311.8,1465,40.2,143,0,0,0,0,0,0
M007,84,2026-01-01 01:23:00,L,302.0,311.2,1270,65.3,182,0,0,0,1,0,1
M007,85,2026-01-01 01:24:00,M,301.9,311.1,1380,51.6,184,0,0,0,0,0,0
M007,86,2026-01-01 01:25:00,M,302.0,311.2,1625,30.7,189,0,0,0,0,0,0
M007,87,2026-01-01 01:26:00,L,302.1,311.3,1758,24.4,200,0,0,0,0,0,0
M007,88,2026-01-01 01:27:00,M,302.1,311.3,1511,45.0,204,0,0,0,0,0,0
M007,89,2026-01-01 01:28:00,L,302.2,311.3,1530,37.3,207,1,0,0,0,0,1
M007,90,2026-01-01 01:29:00,L,302.1,311.2,1454,46.8,0,0,0,0,0,0,0
M007,91,2026-01-01 01:30:00,M,302.0,311.3,1725,27.7,23,0,0,0,0,0,0
M007,92,2026-01-01 01:31:00,L,302.1,311.4,1549,44.6,31,0,0,0,0,0,0
M007,93,2026-01-01 01:32:00,L,302.3,311.4,1609,32.3,49,0,0,0,0,0,0
M007,94,2026-01-01 01:33:00,M,302.3,311.2,1505,36.7,78,0,0,0,0,0,0
M007,95,2026-01-01 01:34:00,L,302.3,311.3,1457,44.5,83,0,0,0,0,0,0
M007,96,2026-01-01 01:35:00,M,302.2,311.1,1434,58.6,102,0,0,0,0,0,0
M007,97,2026-01-01 01:36:00,H,302.2,311.1,1628,30.6,105,0,0,0,0,0,0
M007,98,2026-01-01 01:37:00,M,302.2,311.2,1663,29.6,115,0,0,0,0,0,0
M007,99,2026-01-01 01:38:00,L,302.5,311.4,1409,53.1,126,0,0,0,0,0,0
M007,100,2026-01-01 01:39:00,H,302.5,311.3,1393,47.5,130,0,0,0,0,0,0
M008,1,2026-01-01 00:00:00,L,302.5,311.1,1493,39.0,137,0,0,0,0,0,0
M008,2,2026-01-01 00:01:00,L,302.4,311.1,1652,33.9,139,0,0,0,0,0,0
M008,3,2026-01-01 00:02:00,L,302.3,311.1,1589,29.9,141,0,0,0,0,0,0
M008,4,2026-01-01 00:03:00,L,302.3,310.9,1377,46.8,166,0,1,0,0,0,1
M008,5,2026-01-01 00:04:00,L,302.2,311.0,1555,34.2,185,0,0,0,0,0,0
M008,6,2026-01-01 00:05:00,M,302.4,311.1,1887,22.4,197,0,0,0,0,0,0
M008,7,2026-01-01 00:06:00,M,302.4,311.1,1480,45.7,200,0,0,0,0,0,0
M008,8,2026-01-01 00:07:00,L,302.3,310.8,1377,47.3,22,0,1,0,0,0,1
M008,9,2026-01-01 00:08:00,L,302.3,310.8,1650,32.4,26,0,0,0,0,0,0
M008,10,2026-01-01 00:09:00,L,302.3,310.9,1379,49.3,34,0,1,0,0,0,1
M008,11,2026-01-01 00:10:00,M,302.2,310.8,1356,48.3,36,0,0,0,0,0,0
M008,12,2026-01-01 00:11:00,M,302.4,311.0,1580,36.5,64,0,0,0,0,0,0
M008,13,2026-01-01 00:12:00,M,302.3,310.9,1360,44.0,67,0,1,0,0,0,1
M008,14,2026-01-01 00:13:00,M,302.3,311.0,1546,35.5,70,0,0,0,0,0,0
M008,15,2026-01-01 00:14:00,M,302.1,310.6,1326,59.1,88,0,1,0,0,0,1
M008,16,2026-01-01 00:15:00,L,302.1,310.6,1459,47.6,93,0,0,0,0,0,0
M008,17,2026-01-01 00:16:00,M,302.1,310.6,1421,52.0,95,0,0,0,0,0,0
M008,18,2026-01-01 00:17:00,L,302.3,310.9,1620,30.3,112,0,0,0,0,0,0
M008,19,2026-01-01 00:18:00,H,302.3,310.9,1366,48.4,130,0,1,0,0,0,1
M008,20,2026-01-01 00:19:00,M,302.2,310.9,1465,43.5,140,0,0,0,0,0,0
M008,21,2026-01-01 00:20:00,L,302.4,311.0,1610,33.1,161,0,0,0,0,0,0
M008,22,2026-01-01 00:21:00,L,302.4,311.1,1565,42.8,163,0,0,0,0,0,0
M008,23,2026-01-01 00:22:00,L,302.3,311.0,1561,37.2,180,0,0,0,0,0,0
M008,24,2026-01-01 00:23:00,M,302.3,311.0,1421,41.3,182,0,0,0,0,0,0
M008,25,2026-01-01 00:24:00,L,302.4,311.0,1338,67.6,194,0,0,1,1,0,1
M008,26,2026-01-01 00:25:00,H,302.4,311.1,1578,32.3,196,0,0,0,0,0,0
M008,27,2026-01-01 00:26:00,H,302.4,311.2,1506,40.8,204,0,0,0,0,0,0
M008,28,2026-01-01 00:27:00,H,302.6,311.5,1629,34.4,228,1,0,0,0,0,1
M008,29,2026-01-01 00:28:00,M,302.7,311.6,2709,9.7,2,0,0,1,0,0,1
M008,30,2026-01-01 00:29:00,M,302.7,311.8,1728,30.0,12,0,0,0,0,0,0
M008,31,2026-01-01 00:30:00,L,302.7,311.9,1389,46.5,15,0,0,0,0,0,0
M008,32,2026-01-01 00:31:00,L,302.5,311.6,1419,43.7,39,0,0,0,0,0,0
M008,33,2026-01-01 00:32:00,L,302.5,311.5,1677,29.2,49,0,0,0,0,0,0
M008,34,2026-01-01 00:33:00,L,302.4,311.2,1404,52.0,57,0,0,0,0,0,0
M008,35,2026-01-01 00:34:00,M,302.3,311.2,1432,42.7,68,0,0,0,0,0,0
M008,36,2026-01-01 00:35:00,M,302.2,311.1,1640,32.8,77,0,0,0,0,0,0
M008,37,2026-01-01 00:36:00,H,302.2,311.1,1476,39.6,96,0,0,0,0,0,0
M008,38,2026-01-01 00:37:00,H,302.2,311.1,1426,50.6,101,0,0,0,0,0,0
M008,39,2026-01-01 00:38:00,M,302.2,311.2,1561,34.9,106,0,0,0,0,0,0
M008,40,2026-01-01 00:39:00,H,302.3,311.3,1744,30.3,116,0,0,0,0,0,0
M008,41,2026-01-01 00:40:00,H,302.5,311.5,1655,32.3,142,0,0,0,0,0,0
M008,42,2026-01-01 00:41:00,L,302.6,311.5,1609,36.0,162,0,0,0,0,0,0
M008,43,2026-01-01 00:42:00,L,302.6,311.5,1442,59.8,169,0,0,1,0,0,1
M008,44,2026-01-01 00:43:00,M,302.6,311.6,1227,68.2,187,0,0,0,1,0,1
M008,45,2026-01-01 00:44:00,L,302.5,311.5,1985,18.8,190,0,0,0,0,0,0
M008,46,2026-01-01 00:45:00,L,302.3,311.4,1333,66.7,205,0,0,1,1,0,1
M008,47,2026-01-01 00:46:00,L,302.2,311.3,1570,36.1,0,0,0,0,0,0,0
M008,48,2026-01-01 00:47:00,H,302.2,311.3,1749,29.2,5,0,0,0,0,0,0
M008,49,2026-01-01 00:48:00,M,302.3,311.4,1909,23.2,25,0,0,0,0,0,0
M008,50,2026-01-01 00:49:00,M,302.2,311.4,1642,32.1,42,0,0,0,0,0,0
M008,51,2026-01-01 00:50:00,L,302.3,311.4,1511,34.7,75,0,0,0,0,0,0
M008,52,2026-01-01 00:51:00,L,302.2,311.3,1389,46.9,106,0,0,0,0,0,0
M008,53,2026-01-01 00:52:00,L,302.3,311.3,1682,34.4,127,0,0,0,0,0,0
M008,54,2026-01-01 00:53:00,L,302.3,311.3,1621,31.6,135,0,0,0,0,0,0
M008,55,2026-01-01 00:54:00,M,302.3,311.3,1625,33.1,137,0,0,0,0,0,0
M008,56,2026-01-01 00:55:00,L,302.2,311.1,1394,53.7,140,0,0,0,0,0,0
M008,57,2026-01-01 00:56:00,L,302.0,311.0,1420,45.9,144,0,0,0,0,0,0
M008,58,2026-01-01 00:57:00,L,302.1,311.2,1454,59.2,153,0,0,1,0,0,1
M008,59,2026-01-01 00:58:00,M,302.2,311.2,1471,41.9,166,0,0,0,0,0,0
M008,60,2026-01-01 00:59:00,L,302.1,310.9,1477,41.4,184,0,0,0,0,0,0
M008,61,2026-01-01 01:00:00,H,302.1,310.9,1452,42.5,198,0,0,0,0,0,0
M008,62,2026-01-01 01:01:00,M,302.1,311.0,1351,60.3,207,0,0,0,1,0,1
M008,63,2026-01-01 01:02:00,L,302.0,311.0,1566,37.8,218,0,0,0,0,0,0
M008,64,2026-01-01 01:03:00,L,302.0,310.8,1447,42.7,229,0,0,0,0,0,0
M008,65,2026-01-01 01:04:00,L,302.0,310.8,1383,50.3,231,0,0,0,1,0,1
M008,66,2026-01-01 01:05:00,L,302.0,310.8,1615,29.0,235,1,0,0,0,0,1
M008,67,2026-01-01 01:06:00,L,301.9,310.8,1567,39.3,9,0,0,0,0,0,0
M008,68,2026-01-01 01:07:00,L,302.0,310.9,1564,39.0,15,0,0,0,0,0,0
M008,69,2026-01-01 01:08:00,M,301.9,310.9,1419,47.7,20,0,0,0,0,0,1
M008,70,2026-01-01 01:09:00,M,301.8,310.9,1881,20.9,23,0,0,0,0,0,0
M008,71,2026-01-01 01:10:00,L,301.9,311.0,2691,12.1,31,0,0,1,0,0,1
M008,72,2026-01-01 01:11:00,M,301.9,310.9,1456,43.6,45,0,0,0,0,0,0
M008,73,2026-01-01 01:12:00,M,301.9,310.7,1511,37.6,70,0,0,0,0,0,0
M008,74,2026-01-01 01:13:00,M,301.9,310.7,1405,47.9,80,0,0,0,0,0,0
M008,75,2026-01-01 01:14:00,L,301.9,310.6,1331,68.6,85,0,0,1,0,0,1
M008,76,2026-01-01 01:15:00,M,301.9,310.6,1412,46.5,89,0,0,0,0,0,0
M008,77,2026-01-01 01:16:00,L,302.0,310.7,1453,42.7,92,0,0,0,0,0,0
M008,78,2026-01-01 01:17:00,H,302.1,310.7,1294,62.4,101,0,1,0,0,0,1
M008,79,2026-01-01 01:18:00,L,302.0,310.4,1357,58.0,108,0,1,0,0,0,1
M008,80,2026-01-01 01:19:00,L,302.0,310.4,1336,58.2,110,0,1,0,0,0,1
M008,81,2026-01-01 01:20:00,L,302.0,310.4,1568,39.2,112,0,0,0,0,0,0
M008,82,2026-01-01 01:21:00,L,302.0,310.5,1567,36.1,124,0,0,0,0,0,0
M008,83,2026-01-01 01:22:00,L,301.9,310.4,1376,54.9,126,0,1,0,0,0,1
M008,84,2026-01-01 01:23:00,M,302.0,310.4,1595,32.9,135,0,0,0,0,0,0
M008,85,2026-01-01 01:24:00,H,302.0,310.5,1812,24.4,138,0,0,0,0,0,0
M008,86,2026-01-01 01:25:00,M,302.0,310.5,1573,32.1,143,0,0,0,0,0,0
M008,87,2026-01-01 01:26:00,L,302.0,310.5,1651,30.9,146,0,0,0,0,0,0
M008,88,2026-01-01 01:27:00,L,301.9,310.4,1370,51.7,153,0,1,0,0,0,1
M008,89,2026-01-01 01:28:00,L,302.0,310.6,1325,55.3,192,0,0,0,0,0,0
M008,90,2026-01-01 01:29:00,L,302.0,310.6,1358,53.1,194,0,0,0,0,0,0
M008,91,2026-01-01 01:30:00,H,302.0,310.6,1346,54.7,196,0,0,0,0,0,0
M008,92,2026-01-01 01:31:00,L,301.9,310.5,1340,55.7,204,0,0,0,1,0,1
M008,93,2026-01-01 01:32:00,L,302.1,310.7,1325,45.1,208,0,1,0,0,0,1
M008,94,2026-01-01 01:33:00,M,302.1,310.7,1376,46.3,210,0,1,0,0,0,1
M008,95,2026-01-01 01:34:00,M,302.1,310.7,1364,47.8,213,0,1,0,0,0,1
M008,96,2026-01-01 01:35:00,L,302.2,310.6,1462,43.6,0,0,0,0,0,0,0
M008,97,2026-01-01 01:36:00,M,302.0,310.6,1623,34.3,9,0,0,0,0,0,0
M008,98,2026-01-01 01:37:00,L,301.9,310.4,1286,62.8,22,0,1,0,0,0,1
M008,99,2026-01-01 01:38:00,M,301.7,310.3,1787,26.7,33,0,0,0,0,0,0
M008,100,2026-01-01 01:39:00,L,301.7,310.2,1311,57.4,40,0,1,0,0,0,1
M009,1,2026-01-01 00:00:00,L,301.7,310.2,1331,61.2,47,0,1,0,0,0,1
M009,2,2026-01-01 00:01:00,L,301.7,310.1,1424,50.2,54,0,0,0,0,0,0
M009,3,2026-01-01 00:02:00,M,301.9,310.4,1373,48.0,73,0,1,0,0,0,1
M009,4,2026-01-01 00:03:00,M,302.0,310.4,1212,55.6,79,0,1,0,0,0,1
M009,5,2026-01-01 00:04:00,L,302.0,310.5,1370,44.4,85,0,1,0,0,0,1
M009,6,2026-01-01 00:05:00,L,302.0,310.5,1263,60.6,90,0,1,0,0,0,1
M009,7,2026-01-01 00:06:00,L,301.9,310.4,1889,21.5,92,0,0,0,0,0,0
M009,8,2026-01-01 00:07:00,L,302.1,310.5,1696,30.9,107,0,0,0,0,0,0
M009,9,2026-01-01 00:08:00,L,302.2,310.6,1346,47.5,109,0,1,0,0,0,1
M009,10,2026-01-01 00:09:00,M,302.2,310.6,1355,51.5,126,0,1,0,0,0,1
M009,11,2026-01-01 00:10:00,M,302.2,310.6,1346,49.2,134,0,1,0,0,0,1
M009,12,2026-01-01 00:11:00,L,302.5,310.9,1624,34.4,146,0,0,0,0,0,0
M009,13,2026-01-01 00:12:00,L,302.4,310.9,1349,46.1,148,0,1,0,0,0,1
M009,14,2026-01-01 00:13:00,L,302.4,310.7,1362,54.8,155,0,1,0,0,0,1
M009,15,2026-01-01 00:14:00,L,302.2,310.6,1334,53.2,159,0,1,0,0,0,1
M009,16,2026-01-01 00:15:00,L,302.2,310.6,1348,48.4,161,0,1,0,0,0,1
M009,17,2026-01-01 00:16:00,L,302.4,310.9,1560,31.8,172,0,0,0,0,0,0
M009,18,2026-01-01 00:17:00,M,302.5,311.0,1463,43.1,181,0,0,0,0,0,0
M009,19,2026-01-01 00:18:00,L,302.4,311.0,1423,46.2,186,0,0,0,0,0,0
M009,20,2026-01-01 00:19:00,M,302.5,311.0,1563,35.6,190,0,0,0,0,0,0
M009,21,2026-01-01 00:20:00,M,302.5,311.1,1638,32.0,198,0,0,0,0,0,0
M009,22,2026-01-01 00:21:00,L,302.5,311.1,1571,34.2,201,0,0,0,0,0,0
M009,23,2026-01-01 00:22:00,M,302.3,310.9,1558,31.9,207,0,0,0,0,0,0
M009,24,2026-01-01 00:23:00,L,302.3,310.8,1723,26.3,213,0,0,0,0,0,0
M009,25,2026-01-01 00:24:00,M,302.3,310.9,1710,30.4,218,1,0,0,0,0,1
M009,26,2026-01-01 00:25:00,L,302.1,310.8,1565,35.3,6,0,0,0,0,0,0
M009,27,2026-01-01 00:26:00,L,302.1,310.7,1314,52.8,8,0,1,0,0,0,1
M009,28,2026-01-01 00:27:00,L,302.1,310.7,1359,49.3,41,0,1,0,0,0,1
M009,29,2026-01-01 00:28:00,H,302.2,310.9,1522,35.9,61,0,0,0,0,0,0
M009,30,2026-01-01 00:29:00,L,302.2,310.8,1438,41.4,66,0,0,0,0,0,0
M009,31,2026-01-01 00:30:00,L,302.4,311.0,1475,47.9,79,0,0,0,0,0,0
M009,32,2026-01-01 00:31:00,L,302.4,310.9,1469,39.6,86,0,0,0,0,0,0
M009,33,2026-01-01 00:32:00,L,302.6,311.0,1537,35.5,91,0,0,0,0,0,0
M009,34,2026-01-01 00:33:00,L,302.6,311.0,1369,60.0,93,0,1,0,0,0,1
M009,35,2026-01-01 00:34:00,L,302.5,310.9,1330,56.9,97,0,1,0,0,0,1
M009,36,2026-01-01 00:35:00,H,302.5,310.9,1356,55.5,101,0,1,0,0,0,1
M009,37,2026-01-01 00:36:00,M,302.6,311.0,1329,48.6,111,0,1,0,0,0,1
M009,38,2026-01-01 00:37:00,L,302.6,311.0,1284,68.0,114,0,1,1,0,0,1
M009,39,2026-01-01 00:38:00,M,302.7,311.1,1297,60.7,125,0,1,0,0,0,1
M009,40,2026-01-01 00:39:00,L,302.7,311.2,1545,35.1,128,0,0,0,0,0,0
M009,41,2026-01-01 00:40:00,L,302.6,311.0,1424,38.0,144,0,0,0,0,0,0
M009,42,2026-01-01 00:41:00,L,302.6,310.9,1331,52.0,154,0,1,0,0,0,1
M009,43,2026-01-01 00:42:00,L,302.6,310.8,1486,36.4,160,0,0,0,0,0,0
M009,44,2026-01-01 00:43:00,M,302.2,310.4,1456,47.5,167,0,0,0,0,0,0
M009,45,2026-01-01 00:44:00,L,302.0,310.1,1361,45.4,174,0,1,0,0,0,1
M009,46,2026-01-01 00:45:00,L,302.0,310.0,1832,22.9,178,0,0,0,0,0,0
M009,47,2026-01-01 00:46:00,L,301.9,309.9,1374,48.5,180,0,1,0,0,0,1
M009,48,2026-01-01 00:47:00,M,301.8,309.9,1334,61.0,182,0,1,0,0,0,1
M009,49,2026-01-01 00:48:00,L,301.7,309.9,1317,49.0,187,0,1,0,0,0,1
M009,50,2026-01-01 00:49:00,L,301.8,310.0,2032,19.0,203,0,0,0,0,0,0
M009,51,2026-01-01 00:50:00,M,301.8,310.1,2372,13.9,205,0,0,1,0,0,1
M009,52,2026-01-01 00:51:00,L,301.8,310.2,2825,5.8,215,0,0,1,0,0,1
M009,53,2026-01-01 00:52:00,L,301.4,309.9,1259,63.9,20,0,1,0,0,0,1
M009,54,2026-01-01 00:53:00,M,301.3,309.9,1501,39.5,27,0,0,0,0,0,0
M009,55,2026-01-01 00:54:00,L,301.7,310.3,1397,44.6,57,0,0,0,0,0,0
M009,56,2026-01-01 00:55:00,L,301.8,310.3,1341,50.5,64,0,1,0,0,0,1
M009,57,2026-01-01 00:56:00,L,301.6,310.1,1362,55.8,70,0,1,0,0,0,1
M009,58,2026-01-01 00:57:00,L,301.6,310.1,1326,48.2,77,0,1,0,0,0,1
M009,59,2026-01-01 00:58:00,M,301.7,309.8,1284,68.2,111,0,1,1,0,0,1
M009,60,2026-01-01 00:59:00,H,301.9,309.8,1724,27.5,126,0,0,0,0,0,0
M009,61,2026-01-01 01:00:00,L,301.9,309.7,1595,31.4,133,0,0,0,0,0,0
M009,62,2026-01-01 01:01:00,M,302.0,309.7,1386,62.7,142,0,0,1,0,0,1
M009,63,2026-01-01 01:02:00,H,302.0,309.8,1280,57.3,147,0,1,0,0,0,1
M009,64,2026-01-01 01:03:00,L,302.0,309.9,1407,52.8,154,0,0,0,0,0,0
M009,65,2026-01-01 01:04:00,H,302.0,309.9,1606,34.5,156,0,0,0,0,0,0
M009,66,2026-01-01 01:05:00,L,302.1,310.1,1543,35.8,164,0,0,0,0,0,0
M009,67,2026-01-01 01:06:00,M,302.1,310.1,1379,48.2,166,0,1,0,0,0,1
M009,68,2026-01-01 01:07:00,L,302.1,310.1,1447,46.6,169,0,0,0,0,0,0
M009,69,2026-01-01 01:08:00,L,302.0,309.9,1388,51.4,183,0,0,0,0,0,0
M009,70,2026-01-01 01:09:00,L,302.0,309.9,1308,57.6,197,0,1,0,1,0,1
M009,71,2026-01-01 01:10:00,M,301.8,309.5,1732,30.1,220,0,0,0,0,0,0
M009,72,2026-01-01 01:11:00,L,301.9,309.6,1410,49.0,223,0,0,0,0,0,0
M009,73,2026-01-01 01:12:00,L,301.7,309.5,1298,65.5,229,0,1,0,1,0,1
M009,74,2026-01-01 01:13:00,L,301.8,309.7,1442,45.3,233,1,0,0,0,0,1
M009,75,2026-01-01 01:14:00,L,302.0,309.8,1532,39.4,2,0,0,0,0,0,0
M009,76,2026-01-01 01:15:00,L,302.0,309.8,1701,27.2,4,0,0,0,0,0,0
M009,77,2026-01-01 01:16:00,M,302.1,310.0,1355,45.1,6,0,1,0,0,0,1
M009,78,2026-01-01 01:17:00,M,302.2,310.1,1368,51.6,12,0,1,0,0,0,1
M009,79,2026-01-01 01:18:00,L,302.2,310.1,1458,45.1,15,0,0,0,0,0,0
M009,80,2026-01-01 01:19:00,L,302.2,310.0,1483,48.7,20,0,0,0,0,0,0
M009,81,2026-01-01 01:20:00,L,302.3,310.1,1513,40.4,22,0,0,0,0,0,0
M009,82,2026-01-01 01:21:00,H,302.3,310.1,1383,42.9,24,0,0,0,0,0,0
M009,83,2026-01-01 01:22:00,L,302.4,310.2,1539,37.7,29,0,0,0,0,0,0
M009,84,2026-01-01 01:23:00,L,302.3,310.1,1353,50.9,36,0,1,0,0,0,1
M009,85,2026-01-01 01:24:00,L,302.4,310.2,1331,45.5,53,0,1,0,0,0,1
M009,86,2026-01-01 01:25:00,L,302.5,310.3,1326,58.5,55,0,1,0,0,0,1
M009,87,2026-01-01 01:26:00,L,302.4,310.1,2009,18.9,59,0,0,0,0,0,0
M009,88,2026-01-01 01:27:00,M,302.4,310.1,1358,54.6,61,0,1,0,0,0,1
M009,89,2026-01-01 01:28:00,L,302.6,310.5,1450,43.2,68,0,0,0,0,0,0
M009,90,2026-01-01 01:29:00,L,302.6,310.4,1514,42.7,75,0,0,0,0,0,0
M009,91,2026-01-01 01:30:00,L,302.6,310.4,1365,66.8,80,0,1,1,0,0,1
M009,92,2026-01-01 01:31:00,M,302.6,310.2,2676,10.8,84,0,0,1,0,0,1
M009,93,2026-01-01 01:32:00,L,302.6,310.2,1325,62.4,92,0,1,0,0,0,1
M009,94,2026-01-01 01:33:00,L,302.6,310.3,1479,40.4,105,0,0,0,0,0,0
M009,95,2026-01-01 01:34:00,M,302.4,310.1,1379,48.9,107,0,1,0,0,0,1
M009,96,2026-01-01 01:35:00,M,302.3,310.1,1731,33.4,112,0,0,0,0,0,0
M009,97,2026-01-01 01:36:00,H,302.3,310.1,1688,30.4,115,0,0,0,0,0,0
M009,98,2026-01-01 01:37:00,L,302.4,310.1,1556,32.9,132,0,0,0,0,0,0
M009,99,2026-01-01 01:38:00,L,302.3,310.1,1321,52.7,134,0,1,0,0,0,1
M009,100,2026-01-01 01:39:00,M,302.4,310.1,1577,35.8,136,0,0,0,0,0,0
M010,1,2026-01-01 00:00:00,L,302.5,310.2,1329,50.6,148,0,1,0,0,0,1
M010,2,2026-01-01 00:01:00,L,302.5,310.3,1405,57.4,152,0,0,0,0,0,0
M010,3,2026-01-01 00:02:00,L,302.5,310.2,1716,29.9,156,0,0,0,0,0,0
M010,4,2026-01-01 00:03:00,L,302.4,310.3,1374,51.2,163,0,1,0,0,0,1
M010,5,2026-01-01 00:04:00,M,302.4,310.3,1378,54.3,165,0,1,0,0,0,1
M010,6,2026-01-01 00:05:00,M,302.5,310.3,1447,39.2,172,0,0,0,0,0,0
M010,7,2026-01-01 00:06:00,H,302.4,310.1,1597,28.9,179,0,0,0,0,0,0
M010,8,2026-01-01 00:07:00,L,302.7,310.5,1642,30.8,195,0,0,0,0,0,0
M010,9,2026-01-01 00:08:00,L,302.7,310.5,1263,67.8,197,0,1,0,1,0,1
M010,10,2026-01-01 00:09:00,L,302.7,310.5,1446,40.9,211,1,0,0,0,0,1
M010,11,2026-01-01 00:10:00,L,302.7,310.5,1551,35.9,6,0,0,0,0,0,0
M010,12,2026-01-01 00:11:00,L,302.7,310.5,1563,35.0,8,0,0,0,0,0,0
M010,13,2026-01-01 00:12:00,L,302.7,310.5,1351,41.8,10,0,1,0,0,0,1
M010,14,2026-01-01 00:13:00,L,302.6,310.3,1647,34.2,14,0,0,0,0,0,0
M010,15,2026-01-01 00:14:00,L,302.5,310.2,1477,41.6,16,0,0,0,0,0,0
M010,16,2026-01-01 00:15:00,H,302.7,310.4,1305,55.2,20,0,1,0,0,0,1
M010,17,2026-01-01 00:16:00,L,302.6,310.4,1359,57.2,67,0,1,0,0,0,1
M010,18,2026-01-01 00:17:00,M,302.5,310.4,1605,36.0,69,0,0,0,0,0,0
M010,19,2026-01-01 00:18:00,H,302.6,310.3,1721,27.4,79,0,0,0,0,0,0
M010,20,2026-01-01 00:19:00,L,302.5,310.2,1307,54.0,86,0,1,0,0,0,1
M010,21,2026-01-01 00:20:00,L,302.4,310.2,1642,28.3,88,0,0,0,0,0,0
M010,22,2026-01-01 00:21:00,L,302.4,310.1,1709,31.8,100,0,0,0,0,0,0
M010,23,2026-01-01 00:22:00,L,302.4,310.2,1346,62.4,106,0,1,0,0,0,1
M010,24,2026-01-01 00:23:00,L,302.5,310.4,1488,48.4,134,0,0,0,0,0,0
M010,25,2026-01-01 00:24:00,M,302.4,310.5,1372,45.7,144,0,1,0,0,0,1
M010,26,2026-01-01 00:25:00,M,302.4,310.4,1586,34.3,149,0,0,0,0,0,0
M010,27,2026-01-01 00:26:00,L,302.5,310.4,1487,42.0,152,0,0,0,0,0,0
M010,28,2026-01-01 00:27:00,L,302.5,310.5,1520,41.2,154,0,0,0,0,0,0
M010,29,2026-01-01 00:28:00,H,302.5,310.4,1422,41.9,156,0,0,0,0,0,0
M010,30,2026-01-01 00:29:00,M,302.4,310.3,1375,52.5,161,0,1,0,0,0,1
M010,31,2026-01-01 00:30:00,L,302.4,310.2,1351,45.1,168,0,1,0,0,0,1
M010,32,2026-01-01 00:31:00,L,302.5,310.4,1349,55.1,187,0,1,0,0,0,1
M010,33,2026-01-01 00:32:00,M,302.5,310.4,1429,43.2,191,0,0,0,0,0,0
M010,34,2026-01-01 00:33:00,M,302.7,310.5,1880,22.7,207,0,0,0,0,0,0
M010,35,2026-01-01 00:34:00,M,302.7,310.6,1349,51.2,6,0,1,0,0,0,1
M010,36,2026-01-01 00:35:00,L,302.7,310.7,1369,47.5,11,0,1,0,0,0,1
M010,37,2026-01-01 00:36:00,L,302.7,310.7,1433,43.7,13,0,0,0,0,0,0
M010,38,2026-01-01 00:37:00,L,302.7,310.7,1597,41.9,15,0,0,0,0,0,0
M010,39,2026-01-01 00:38:00,H,302.7,310.8,1275,55.0,25,0,1,0,0,0,1
M010,40,2026-01-01 00:39:00,L,302.8,310.8,1402,50.5,30,0,0,0,0,0,0
M010,41,2026-01-01 00:40:00,L,302.8,310.9,1636,35.0,38,0,0,0,0,0,0
M010,42,2026-01-01 00:41:00,L,302.8,310.9,1312,52.2,40,0,1,0,0,0,1
M010,43,2026-01-01 00:42:00,L,302.8,310.9,1708,29.8,42,0,0,0,0,0,0
M010,44,2026-01-01 00:43:00,M,302.9,311.0,1556,36.5,44,0,0,0,0,0,0
M010,45,2026-01-01 00:44:00,M,302.9,311.0,1402,40.7,52,0,0,0,0,0,0
M010,46,2026-01-01 00:45:00,M,302.9,311.1,1926,21.8,58,0,0,0,0,0,0
M010,47,2026-01-01 00:46:00,L,303.0,311.2,1800,23.7,61,0,0,0,0,0,0
M010,48,2026-01-01 00:47:00,L,303.0,311.2,1374,48.2,65,0,1,0,0,0,1
M010,49,2026-01-01 00:48:00,L,303.0,311.2,1494,37.0,67,0,0,0,0,0,0
M010,50,2026-01-01 00:49:00,L,302.8,311.1,1550,32.3,76,0,0,0,0,0,0
M010,51,2026-01-01 00:50:00,H,302.9,311.2,2102,17.8,91,0,0,0,0,0,0
M010,52,2026-01-01 00:51:00,L,303.0,311.2,1361,47.6,106,0,1,0,0,0,1
M010,53,2026-01-01 00:52:00,L,303.0,311.0,1359,44.2,115,0,1,0,0,0,1
M010,54,2026-01-01 00:53:00,M,303.0,311.1,1372,54.3,117,0,1,0,0,0,1
M010,55,2026-01-01 00:54:00,L,303.0,311.3,1365,56.2,146,0,1,0,0,0,1
M010,56,2026-01-01 00:55:00,L,303.0,311.3,1793,29.3,157,0,0,0,0,0,0
M010,57,2026-01-01 00:56:00,M,303.0,311.3,1335,53.6,164,0,1,0,0,0,1
M010,58,2026-01-01 00:57:00,L,303.1,311.3,1336,52.6,172,0,1,0,0,0,1
M010,59,2026-01-01 00:58:00,L,303.0,311.2,1341,51.0,174,0,1,0,0,0,1
M010,60,2026-01-01 00:59:00,M,302.9,311.2,1330,53.7,200,0,1,0,0,0,1
M010,61,2026-01-01 01:00:00,L,303.1,311.3,1474,34.8,215,0,0,0,0,0,0
M010,62,2026-01-01 01:01:00,H,303.1,311.3,1494,42.7,221,0,0,0,0,0,0
M010,63,2026-01-01 01:02:00,L,303.2,311.4,1238,54.6,226,0,1,0,1,0,1
M010,64,2026-01-01 01:03:00,L,303.2,311.4,1324,54.2,228,0,1,0,1,0,1
M010,65,2026-01-01 01:04:00,L,303.2,311.4,1514,41.2,230,0,0,0,0,0,0
M010,66,2026-01-01 01:05:00,L,303.3,311.4,1497,46.0,234,1,0,0,0,0,1
M010,67,2026-01-01 01:06:00,L,303.2,311.4,1349,51.1,9,0,1,0,0,0,1
M010,68,2026-01-01 01:07:00,M,303.1,311.2,1489,44.5,27,0,0,0,0,0,0
M010,69,2026-01-01 01:08:00,L,303.3,311.3,1350,48.1,32,0,1,0,0,0,1
M010,70,2026-01-01 01:09:00,M,303.4,311.4,1307,54.0,44,0,1,0,0,0,1
M010,71,2026-01-01 01:10:00,M,303.3,311.5,1569,36.6,47,0,0,0,0,0,0
M010,72,2026-01-01 01:11:00,M,303.3,311.5,1373,47.3,60,0,1,0,0,0,1
M010,73,2026-01-01 01:12:00,L,303.4,311.5,1501,36.2,69,0,0,0,0,0,0
M010,74,2026-01-01 01:13:00,H,303.6,311.7,1476,40.1,85,0,0,0,0,0,0
M010,75,2026-01-01 01:14:00,M,303.6,311.8,1421,44.8,101,0,0,0,0,0,1
M010,76,2026-01-01 01:15:00,M,303.5,311.6,1562,34.2,107,0,0,0,0,0,0
M010,77,2026-01-01 01:16:00,M,303.4,311.5,1817,24.7,125,0,0,0,0,0,0
M010,78,2026-01-01 01:17:00,L,303.4,311.6,1564,41.9,137,0,0,0,0,0,0
M010,79,2026-01-01 01:18:00,L,303.5,311.6,1428,46.2,139,0,0,0,0,0,0
M010,80,2026-01-01 01:19:00,L,303.6,311.8,1222,66.8,148,0,1,0,0,0,1
M010,81,2026-01-01 01:20:00,M,303.4,311.6,1446,50.0,163,0,0,0,0,0,0
M010,82,2026-01-01 01:21:00,L,303.3,311.6,1337,56.8,187,0,1,0,0,0,1
M010,83,2026-01-01 01:22:00,M,303.4,311.7,1353,44.1,192,0,1,0,0,0,1
M010,84,2026-01-01 01:23:00,L,303.4,311.8,1366,50.9,200,0,1,0,0,0,1
M010,85,2026-01-01 01:24:00,M,303.4,311.8,1341,47.0,210,0,1,0,0,0,1
M010,86,2026-01-01 01:25:00,L,303.4,311.8,1306,61.0,215,0,1,0,1,0,1
M010,87,2026-01-01 01:26:00,L,303.3,311.6,1301,45.1,219,0,1,0,0,0,1
M010,88,2026-01-01 01:27:00,M,303.2,311.5,1336,58.2,2,0,1,0,0,0,1
M010,89,2026-01-01 01:28:00,L,303.2,311.4,1351,53.8,8,0,1,0,0,0,1
M010,90,2026-01-01 01:29:00,L,303.3,311.3,1592,33.7,14,0,0,0,0,0,0
M010,91,2026-01-01 01:30:00,L,303.3,311.3,1409,51.8,16,0,0,0,0,0,0
M010,92,2026-01-01 01:31:00,L,303.2,311.2,1363,46.7,29,0,1,0,0,0,1
M010,93,2026-01-01 01:32:00,M,303.2,311.2,1688,31.9,33,0,0,0,0,0,0
M010,94,2026-01-01 01:33:00,L,303.4,311.7,1295,51.3,51,0,1,0,0,0,1
M010,95,2026-01-01 01:34:00,L,303.5,311.6,1361,46.5,62,0,1,0,0,0,1
M010,96,2026-01-01 01:35:00,H,303.7,311.9,1332,52.7,66,0,1,0,0,0,1
M010,97,2026-01-01 01:36:00,M,303.7,312.0,2663,11.4,71,0,0,1,0,0,1
M010,98,2026-01-01 01:37:00,L,303.7,312.1,1443,45.9,74,0,0,0,0,0,0
M010,99,2026-01-01 01:38:00,M,303.6,312.0,1645,35.7,81,0,0,0,0,0,0
M010,100,2026-01-01 01:39:00,L,303.6,311.9,1473,50.1,84,0,0,0,0,0,0
M011,1,2026-01-01 00:00:00,L,303.6,312.0,1309,52.9,86,0,1,0,0,0,1
M011,2,2026-01-01 00:01:00,L,303.5,311.9,1344,49.3,93,0,1,0,0,0,1
M011,3,2026-01-01 00:02:00,H,303.6,312.2,1371,54.6,112,0,1,0,0,0,1
M011,4,2026-01-01 00:03:00,L,303.7,312.3,1384,45.9,121,0,0,0,0,0,0
M011,5,2026-01-01 00:04:00,M,303.5,312.5,1353,51.0,172,0,0,0,0,0,0
M011,6,2026-01-01 00:05:00,L,303.4,312.2,1656,32.7,195,0,0,0,0,0,0
M011,7,2026-01-01 00:06:00,L,303.4,311.9,1531,37.9,203,0,0,0,0,0,0
M011,8,2026-01-01 00:07:00,L,303.4,311.8,1401,53.0,208,0,0,0,1,0,1
M011,9,2026-01-01 00:08:00,L,303.4,312.0,1521,35.9,215,1,0,0,0,0,1
M011,10,2026-01-01 00:09:00,L,303.6,312.2,1696,30.7,5,0,0,0,0,0,0
M011,11,2026-01-01 00:10:00,L,303.5,311.9,1493,38.7,14,0,0,0,0,0,0
M011,12,2026-01-01 00:11:00,L,303.4,311.9,1491,38.2,26,0,0,0,0,0,0
M011,13,2026-01-01 00:12:00,L,303.5,312.0,1366,54.5,30,0,1,0,0,0,1
M011,14,2026-01-01 00:13:00,L,303.4,311.9,1377,41.6,34,0,1,0,0,0,1
M011,15,2026-01-01 00:14:00,L,303.3,311.8,1315,62.0,42,0,1,0,0,0,1
M011,16,2026-01-01 00:15:00,L,303.4,311.9,1298,63.9,59,0,1,0,0,0,1
M011,17,2026-01-01 00:16:00,M,303.4,311.8,1316,50.9,69,0,1,0,0,0,1
M011,18,2026-01-01 00:17:00,M,303.5,312.0,1475,42.9,85,0,0,0,0,0,0
M011,19,2026-01-01 00:18:00,L,303.7,312.1,1363,51.8,90,0,1,0,0,0,1
M011,20,2026-01-01 00:19:00,L,303.7,312.2,1619,34.9,92,0,0,0,0,0,0
M011,21,2026-01-01 00:20:00,L,303.7,312.3,1606,37.4,103,0,0,0,0,0,0
M011,22,2026-01-01 00:21:00,L,303.5,312.1,1326,55.7,114,0,0,0,0,0,0
M011,23,2026-01-01 00:22:00,L,303.6,312.3,1451,43.4,119,0,0,0,0,0,0
M011,24,2026-01-01 00:23:00,L,303.7,312.4,1348,51.0,152,0,0,0,0,0,0
M011,25,2026-01-01 00:24:00,M,303.8,312.6,1684,29.3,167,0,0,0,0,0,0
M011,26,2026-01-01 00:25:00,L,303.8,312.5,1372,45.7,180,0,0,0,0,0,0
M011,27,2026-01-01 00:26:00,L,303.7,312.5,1481,33.3,182,0,0,0,0,0,0
M011,28,2026-01-01 00:27:00,M,303.7,312.3,1756,26.4,190,0,0,0,0,0,0
M011,29,2026-01-01 00:28:00,H,303.6,312.4,1436,45.6,9,0,0,0,0,0,0
M011,30,2026-01-01 00:29:00,L,303.5,312.2,1511,37.1,27,0,0,0,0,0,0
M011,31,2026-01-01 00:30:00,M,303.5,312.3,1593,35.2,29,0,0,0,0,0,0
M011,32,2026-01-01 00:31:00,M,303.4,312.2,1561,38.2,45,0,0,0,0,0,0
M011,33,2026-01-01 00:32:00,L,303.3,312.2,1457,40.7,48,0,0,0,0,0,0
M011,34,2026-01-01 00:33:00,L,303.3,312.2,1506,40.0,50,0,0,0,0,0,0
M011,35,2026-01-01 00:34:00,L,303.4,312.2,1337,69.4,52,0,0,1,0,0,1
M011,36,2026-01-01 00:35:00,L,303.4,312.3,1287,54.8,54,0,0,0,0,0,0
M011,37,2026-01-01 00:36:00,M,303.4,312.2,1615,35.7,56,0,0,0,0,0,0
M011,38,2026-01-01 00:37:00,M,303.4,312.2,1972,23.5,59,0,0,0,0,0,0
M011,39,2026-01-01 00:38:00,L,303.5,312.3,1584,35.2,74,0,0,0,0,0,0
M011,40,2026-01-01 00:39:00,L,303.5,312.4,1284,70.6,94,0,0,1,0,0,1
M011,41,2026-01-01 00:40:00,H,303.6,312.6,1436,42.0,110,0,0,0,0,0,0
M011,42,2026-01-01 00:41:00,M,303.8,312.7,1500,41.7,125,0,0,0,0,0,0
M011,43,2026-01-01 00:42:00,L,303.8,312.7,1596,36.6,134,0,0,0,0,0,0
M011,44,2026-01-01 00:43:00,M,303.8,312.7,1374,53.6,136,0,0,0,0,0,0
M011,45,2026-01-01 00:44:00,M,303.8,312.6,1768,23.9,149,0,0,0,0,0,0
M011,46,2026-01-01 00:45:00,M,304.0,312.7,1456,51.2,160,0,0,0,0,0,0
M011,47,2026-01-01 00:46:00,L,303.9,312.7,1602,33.9,165,0,0,0,0,0,0
M011,48,2026-01-01 00:47:00,L,303.7,312.7,1426,45.5,192,0,0,0,0,0,0
M011,49,2026-01-01 00:48:00,L,303.7,312.7,1359,56.8,194,0,0,0,1,0,1
M011,50,2026-01-01 00:49:00,M,303.7,312.7,1612,36.3,200,0,0,0,0,0,0
M011,51,2026-01-01 00:50:00,L,303.7,313.0,1811,24.3,209,0,0,0,0,0,0
M011,52,2026-01-01 00:51:00,L,303.8,313.1,1256,58.7,213,0,0,0,1,0,1
M011,53,2026-01-01 00:52:00,M,303.7,313.0,1303,54.4,2,0,0,0,0,0,0
M011,54,2026-01-01 00:53:00,L,303.8,313.1,2497,13.0,5,0,0,1,0,0,1
M011,55,2026-01-01 00:54:00,M,303.6,312.8,2659,11.4,26,0,0,1,0,0,1
M011,56,2026-01-01 00:55:00,M,303.6,312.7,2174,17.6,37,0,0,0,0,0,0
M011,57,2026-01-01 00:56:00,M,303.7,312.9,1444,52.7,46,0,0,0,0,0,0
M011,58,2026-01-01 00:57:00,L,304.0,313.0,1350,61.1,88,0,0,0,0,0,0
M011,59,2026-01-01 00:58:00,L,304.0,313.1,1404,47.1,90,0,0,0,0,0,0
M011,60,2026-01-01 00:59:00,M,303.9,313.1,1473,42.8,97,0,0,0,0,0,0
M011,61,2026-01-01 01:00:00,M,303.9,313.2,1630,29.3,104,0,0,0,0,0,0
M011,62,2026-01-01 01:01:00,L,304.1,313.2,1468,39.4,148,0,0,0,0,0,0
M011,63,2026-01-01 01:02:00,H,304.0,313.2,1271,68.6,161,0,0,1,0,0,1
M011,64,2026-01-01 01:03:00,L,303.9,313.0,1480,39.9,176,0,0,0,0,0,0
M011,65,2026-01-01 01:04:00,H,303.8,312.9,1378,45.6,184,0,0,0,0,0,0
M011,66,2026-01-01 01:05:00,L,303.9,312.8,1419,47.9,196,0,0,0,0,0,0
M011,67,2026-01-01 01:06:00,L,304.0,312.9,1363,62.5,200,0,0,0,1,0,1
M011,68,2026-01-01 01:07:00,L,304.0,312.9,1313,53.9,202,0,0,0,0,0,0
M011,69,2026-01-01 01:08:00,M,304.2,313.2,1396,50.5,11,0,0,0,0,0,0
M011,70,2026-01-01 01:09:00,M,304.2,313.2,1380,48.7,17,0,0,0,0,0,0
M011,71,2026-01-01 01:10:00,H,304.2,313.0,1442,40.9,23,0,0,0,0,0,0
M011,72,2026-01-01 01:11:00,M,303.9,313.2,1608,40.6,79,0,0,0,0,0,0
M011,73,2026-01-01 01:12:00,M,304.0,313.3,1415,52.8,82,0,0,0,0,0,0
M011,74,2026-01-01 01:13:00,L,304.2,313.4,1457,49.4,96,0,0,0,0,0,0
M011,75,2026-01-01 01:14:00,M,304.2,313.5,1437,47.2,102,0,0,0,0,0,0
M011,76,2026-01-01 01:15:00,L,304.1,313.4,1399,43.7,111,0,0,0,0,0,0
M011,77,2026-01-01 01:16:00,L,304.1,313.5,1469,44.6,113,0,0,0,0,0,0
M011,78,2026-01-01 01:17:00,L,303.9,313.3,1394,51.6,121,0,0,0,0,0,0
M011,79,2026-01-01 01:18:00,L,304.3,313.5,1802,25.4,170,0,0,0,0,0,0
M011,80,2026-01-01 01:19:00,L,304.2,313.4,1735,28.9,192,0,0,0,0,0,0
M011,81,2026-01-01 01:20:00,L,304.4,313.7,1509,35.0,205,1,0,0,0,0,1
M011,82,2026-01-01 01:21:00,L,304.1,313.3,1470,39.9,70,0,0,0,0,0,0
M011,83,2026-01-01 01:22:00,L,304.2,313.4,1740,28.2,78,0,0,0,0,0,0
M011,84,2026-01-01 01:23:00,H,304.0,313.1,1388,53.2,91,0,0,0,0,0,0
M011,85,2026-01-01 01:24:00,H,304.0,313.2,1517,43.1,96,0,0,0,0,0,0
M011,86,2026-01-01 01:25:00,L,304.0,313.1,1648,35.7,119,0,0,0,0,0,0
M011,87,2026-01-01 01:26:00,L,304.0,313.2,1632,30.6,121,0,0,0,0,0,0
M011,88,2026-01-01 01:27:00,H,303.7,312.6,1711,27.6,170,0,0,0,0,0,0
M011,89,2026-01-01 01:28:00,M,303.8,312.7,1488,41.3,175,0,0,0,0,0,0
M011,90,2026-01-01 01:29:00,M,303.7,312.6,1429,43.3,189,0,0,0,0,0,0
M011,91,2026-01-01 01:30:00,L,303.8,313.0,1365,59.9,205,0,0,0,1,0,1
M011,92,2026-01-01 01:31:00,H,303.9,313.1,1790,26.7,17,0,0,0,0,0,0
M011,93,2026-01-01 01:32:00,L,303.6,312.9,1381,57.8,27,0,0,0,0,0,0
M011,94,2026-01-01 01:33:00,L,303.7,313.0,1694,28.0,44,0,0,0,0,0,0
M011,95,2026-01-01 01:34:00,M,303.5,312.9,1572,44.7,84,0,0,0,0,0,0
M011,96,2026-01-01 01:35:00,L,303.4,312.9,1389,54.1,109,0,0,0,0,0,0
M011,97,2026-01-01 01:36:00,L,303.5,312.9,1504,44.8,111,0,0,0,0,0,0
M011,98,2026-01-01 01:37:00,M,303.9,313.3,1567,35.0,168,0,0,0,0,0,0
M011,99,2026-01-01 01:38:00,L,303.9,313.4,1442,48.5,174,0,0,0,0,0,0
M011,100,2026-01-01 01:39:00,H,303.8,313.2,1379,50.2,178,0,0,0,0,0,0
M012,1,2026-01-01 00:00:00,L,303.8,313.1,1309,55.8,193,0,0,0,0,0,0
M012,2,2026-01-01 00:01:00,H,303.9,313.2,1680,29.1,201,0,0,0,0,0,0
M012,3,2026-01-01 00:02:00,M,303.9,313.2,1422,48.0,215,1,0,0,0,0,1
M012,4,2026-01-01 00:03:00,M,303.7,312.9,1566,32.6,9,0,0,0,0,0,0
M012,5,2026-01-01 00:04:00,M,303.6,312.8,1689,33.1,16,0,0,0,0,0,0
M012,6,2026-01-01 00:05:00,M,303.4,312.7,1357,55.3,31,0,0,0,0,0,0
M012,7,2026-01-01 00:06:00,L,303.5,312.7,1694,27.3,40,0,0,0,0,0,0
M012,8,2026-01-01 00:07:00,L,303.7,312.8,1448,44.5,55,0,0,0,0,0,0
M012,9,2026-01-01 00:08:00,M,303.4,312.6,2706,9.8,65,0,0,1,0,0,1
M012,10,2026-01-01 00:09:00,M,303.3,312.5,1674,32.7,76,0,0,0,0,0,0
M012,11,2026-01-01 00:10:00,M,303.4,312.8,1590,36.3,113,0,0,0,0,0,0
M012,12,2026-01-01 00:11:00,L,303.3,312.6,1463,44.0,140,0,0,0,0,0,0
M012,13,2026-01-01 00:12:00,L,303.2,312.6,1281,57.0,144,0,0,0,0,0,0
M012,14,2026-01-01 00:13:00,M,303.1,312.5,1667,30.0,160,0,0,0,0,0,0
M012,15,2026-01-01 00:14:00,L,302.9,312.3,1530,34.9,185,0,0,0,0,0,0
M012,16,2026-01-01 00:15:00,H,302.8,312.3,1336,57.5,187,0,0,0,0,0,0
M012,17,2026-01-01 00:16:00,L,302.9,312.4,2030,19.1,192,0,0,0,0,0,0
M012,18,2026-01-01 00:17:00,L,302.9,312.4,1698,33.8,202,0,0,0,0,0,0
M012,19,2026-01-01 00:18:00,M,302.9,312.4,1421,46.0,206,0,0,0,0,0,0
M012,20,2026-01-01 00:19:00,L,302.8,312.3,1473,42.6,232,0,0,0,0,0,0
M012,21,2026-01-01 00:20:00,M,302.8,312.3,1262,70.5,234,0,0,1,1,0,1
M012,22,2026-01-01 00:21:00,H,302.8,312.4,1411,53.8,246,0,0,0,1,0,1
M012,23,2026-01-01 00:22:00,L,302.7,312.4,1477,46.3,251,0,0,0,1,0,1
M012,24,2026-01-01 00:23:00,M,302.6,312.3,1454,54.8,253,1,0,0,1,0,1
M012,25,2026-01-01 00:24:00,L,302.9,312.6,1328,59.9,24,0,0,0,0,0,0
M012,26,2026-01-01 00:25:00,L,302.6,312.3,1512,34.2,44,0,0,0,0,0,0
M012,27,2026-01-01 00:26:00,M,302.7,312.4,1422,44.5,49,0,0,0,0,0,0
M012,28,2026-01-01 00:27:00,L,302.5,312.2,1775,27.9,56,0,0,0,0,0,0
M012,29,2026-01-01 00:28:00,L,302.7,312.4,1423,51.9,60,0,0,0,0,0,0
M012,30,2026-01-01 00:29:00,L,302.7,312.4,1453,47.3,62,0,0,0,0,0,0
M012,31,2026-01-01 00:30:00,L,302.9,312.5,1629,30.4,74,0,0,0,0,0,0
M012,32,2026-01-01 00:31:00,M,302.9,312.6,1394,46.4,82,0,0,0,0,0,0
M012,33,2026-01-01 00:32:00,L,303.1,312.7,1353,51.8,97,0,0,0,0,0,0
M012,34,2026-01-01 00:33:00,L,303.0,312.7,2024,19.9,102,0,0,0,0,0,0
M012,35,2026-01-01 00:34:00,M,303.0,312.8,1648,32.1,104,0,0,0,0,0,0
M012,36,2026-01-01 00:35:00,L,303.1,312.5,1453,49.1,140,0,0,0,0,0,0
M012,37,2026-01-01 00:36:00,M,303.0,312.4,1526,36.1,142,0,0,0,0,0,0
M012,38,2026-01-01 00:37:00,L,302.7,312.3,1346,61.2,170,0,0,0,0,1,0
M012,39,2026-01-01 00:38:00,L,302.7,312.2,1336,46.8,179,0,0,0,0,0,0
M012,40,2026-01-01 00:39:00,M,302.6,312.1,1445,42.0,181,0,0,0,0,0,0
M012,41,2026-01-01 00:40:00,L,302.7,312.2,1611,34.1,186,0,0,0,0,0,0
M012,42,2026-01-01 00:41:00,L,302.6,312.2,1520,43.0,208,0,0,0,0,0,0
M012,43,2026-01-01 00:42:00,L,302.7,312.2,1450,52.1,213,0,0,0,1,0,1
M012,44,2026-01-01 00:43:00,L,302.6,312.1,1499,35.0,215,0,0,0,0,1,0
M012,45,2026-01-01 00:44:00,L,302.6,312.1,1288,68.5,0,0,0,1,0,0,1
M012,46,2026-01-01 00:45:00,H,302.9,312.5,1357,55.0,12,0,0,0,0,1,0
M012,47,2026-01-01 00:46:00,L,302.9,312.2,1677,30.5,46,0,0,0,0,0,0
M012,48,2026-01-01 00:47:00,L,302.9,312.2,1367,55.1,50,0,0,0,0,0,0
M012,49,2026-01-01 00:48:00,L,302.8,312.2,1509,36.5,52,0,0,0,0,1,0
M012,50,2026-01-01 00:49:00,L,302.8,312.1,1418,51.4,54,0,0,0,0,0,0
M012,51,2026-01-01 00:50:00,L,302.5,311.9,1452,47.4,77,0,0,0,0,0,0
M012,52,2026-01-01 00:51:00,L,302.4,311.8,1384,50.9,99,0,0,0,0,0,0
M012,53,2026-01-01 00:52:00,M,302.3,311.8,1363,54.0,119,0,0,0,0,0,1
M012,54,2026-01-01 00:53:00,H,302.3,311.7,1482,39.0,127,0,0,0,0,0,0
M012,55,2026-01-01 00:54:00,L,302.3,311.7,1400,41.6,136,0,0,0,0,0,0
M012,56,2026-01-01 00:55:00,L,302.3,311.8,1605,35.2,152,0,0,0,0,0,0
M012,57,2026-01-01 00:56:00,H,302.3,311.9,1374,52.4,154,0,0,0,0,0,0
M012,58,2026-01-01 00:57:00,H,302.5,312.0,1579,35.7,167,0,0,0,0,0,0
M012,59,2026-01-01 00:58:00,L,302.5,311.9,1306,59.7,172,0,0,0,0,1,0
M012,60,2026-01-01 00:59:00,L,302.4,311.9,1541,37.9,192,0,0,0,0,0,0
M012,61,2026-01-01 01:00:00,M,302.3,311.7,1341,46.3,194,0,0,0,0,0,0
M012,62,2026-01-01 01:01:00,L,302.4,311.8,1416,46.1,202,0,0,0,0,0,0
M012,63,2026-01-01 01:02:00,L,302.4,312.0,1457,45.5,206,0,0,0,0,0,0
M012,64,2026-01-01 01:03:00,L,302.5,312.2,1574,38.7,30,0,0,0,0,0,0
M012,65,2026-01-01 01:04:00,L,302.5,312.0,1673,29.9,42,0,0,0,0,0,0
M012,66,2026-01-01 01:05:00,L,302.4,311.9,1578,29.9,44,0,0,0,0,0,0
M012,67,2026-01-01 01:06:00,M,302.4,311.8,1557,31.5,49,0,0,0,0,0,0
M012,68,2026-01-01 01:07:00,L,302.5,311.9,1481,42.9,52,0,0,0,0,0,0
M012,69,2026-01-01 01:08:00,M,302.5,311.9,1340,59.4,60,0,0,0,0,0,0
M012,70,2026-01-01 01:09:00,L,302.9,312.2,1510,41.4,94,0,0,0,0,0,0
M012,71,2026-01-01 01:10:00,L,303.1,312.4,1407,41.2,107,0,0,0,0,0,0
M012,72,2026-01-01 01:11:00,M,303.0,312.3,1674,29.5,109,0,0,0,0,0,0
M012,73,2026-01-01 01:12:00,M,303.0,312.2,1257,71.3,122,0,0,1,0,0,1
M012,74,2026-01-01 01:13:00,L,303.1,312.4,1404,61.5,127,0,0,1,0,0,1
M012,75,2026-01-01 01:14:00,L,302.7,312.1,1728,24.4,146,0,0,0,0,0,0
M012,76,2026-01-01 01:15:00,M,302.8,312.2,1615,32.9,159,0,0,0,0,0,0
M012,77,2026-01-01 01:16:00,L,302.7,312.2,1447,47.5,166,0,0,0,0,0,0
M012,78,2026-01-01 01:17:00,M,302.5,312.0,1487,46.1,175,0,0,0,0,0,0
M012,79,2026-01-01 01:18:00,L,302.6,312.1,1668,28.7,180,0,0,0,0,1,0
M012,80,2026-01-01 01:19:00,L,302.4,311.7,1495,36.8,215,0,0,0,0,0,0
M012,81,2026-01-01 01:20:00,M,302.3,311.5,1530,42.3,21,0,0,0,0,0,0
M012,82,2026-01-01 01:21:00,H,302.2,311.6,1534,37.2,41,0,0,0,0,0,0
M012,83,2026-01-01 01:22:00,L,302.4,311.9,1867,25.9,121,0,0,0,0,0,0
M012,84,2026-01-01 01:23:00,L,302.3,311.7,1544,43.2,128,0,0,0,0,0,0
M012,85,2026-01-01 01:24:00,L,302.4,311.9,1452,43.1,137,0,0,0,0,0,0
M012,86,2026-01-01 01:25:00,L,302.4,311.9,1290,70.0,139,0,0,1,0,0,1
M012,87,2026-01-01 01:26:00,L,302.3,312.0,1746,28.1,167,0,0,0,0,0,0
M012,88,2026-01-01 01:27:00,M,302.4,311.9,1422,46.4,194,0,0,0,0,0,0
M012,89,2026-01-01 01:28:00,L,302.3,311.8,1487,43.2,206,0,0,0,0,0,0
M012,90,2026-01-01 01:29:00,L,302.3,311.8,1369,56.2,208,0,0,0,1,0,1
M012,91,2026-01-01 01:30:00,L,302.4,311.8,1673,30.1,210,0,0,0,0,0,0
M012,92,2026-01-01 01:31:00,L,302.3,311.8,1574,42.8,215,0,0,0,0,0,0
M012,93,2026-01-01 01:32:00,L,302.3,311.7,1281,48.8,0,0,0,0,0,0,0
M012,94,2026-01-01 01:33:00,M,302.2,311.7,1653,31.4,2,0,0,0,0,0,0
M012,95,2026-01-01 01:34:00,M,302.1,311.5,1635,31.6,23,0,0,0,0,0,0
M012,96,2026-01-01 01:35:00,H,302.3,311.8,1804,25.0,43,0,0,0,0,0,0
M012,97,2026-01-01 01:36:00,L,302.1,311.4,1391,49.2,52,0,0,0,0,0,0
M012,98,2026-01-01 01:37:00,M,302.0,311.5,1366,52.3,54,0,0,0,0,0,0
M012,99,2026-01-01 01:38:00,L,301.9,311.3,1366,55.6,57,0,0,0,0,0,0
M012,100,2026-01-01 01:39:00,L,301.9,311.3,1501,40.8,59,0,0,0,0,0,0
M013,1,2026-01-01 00:00:00,L,301.8,311.3,1551,35.8,61,0,0,0,0,0,0
M013,2,2026-01-01 00:01:00,M,301.7,311.2,1413,42.6,79,0,0,0,0,0,0
M013,3,2026-01-01 00:02:00,L,301.7,311.3,1348,51.0,87,0,0,0,0,0,0
M013,4,2026-01-01 00:03:00,M,301.7,311.1,1618,36.7,115,0,0,0,0,0,0
M013,5,2026-01-01 00:04:00,M,301.7,311.2,1563,34.5,139,0,0,0,0,0,0
M013,6,2026-01-01 00:05:00,L,301.4,310.9,1440,45.4,177,0,0,0,0,0,0
M013,7,2026-01-01 00:06:00,L,301.4,311.1,1495,36.3,193,0,0,0,0,0,0
M013,8,2026-01-01 00:07:00,M,301.3,311.0,1402,47.5,197,0,0,0,0,0,0
M013,9,2026-01-01 00:08:00,L,301.3,311.0,1418,41.9,208,0,0,0,0,0,0
M013,10,2026-01-01 00:09:00,L,301.3,311.1,1303,49.2,212,0,0,0,0,0,0
M013,11,2026-01-01 00:10:00,M,301.3,311.0,1463,50.2,214,0,0,0,0,0,0
M013,12,2026-01-01 00:11:00,L,301.3,311.2,1668,30.1,18,0,0,0,0,0,0
M013,13,2026-01-01 00:12:00,L,301.2,311.1,1550,39.7,20,0,0,0,0,0,0
M013,14,2026-01-01 00:13:00,M,301.3,311.1,1834,25.4,22,0,0,0,0,0,0
M013,15,2026-01-01 00:14:00,L,301.4,311.1,1462,37.1,41,0,0,0,0,0,0
M013,16,2026-01-01 00:15:00,L,301.5,311.1,1459,45.1,97,0,0,0,0,0,0
M013,17,2026-01-01 00:16:00,L,301.4,311.0,1533,45.8,125,0,0,0,0,0,0
M013,18,2026-01-01 00:17:00,M,301.5,311.1,1507,38.6,149,0,0,0,0,0,0
M013,19,2026-01-01 00:18:00,H,300.7,310.2,1364,65.3,208,1,0,1,1,0,1
M013,20,2026-01-01 00:19:00,L,300.5,310.3,1336,57.1,29,0,0,0,0,0,0
M013,21,2026-01-01 00:20:00,M,300.2,310.1,1550,38.7,45,0,0,0,0,0,0
M013,22,2026-01-01 00:21:00,L,300.5,310.5,1373,47.4,56,0,0,0,0,0,0
M013,23,2026-01-01 00:22:00,M,300.6,310.5,1462,41.3,68,0,0,0,0,0,0
M013,24,2026-01-01 00:23:00,M,300.6,310.6,1427,52.8,75,0,0,0,0,0,0
M013,25,2026-01-01 00:24:00,L,300.6,310.7,1438,48.5,78,0,0,0,0,0,1
M013,26,2026-01-01 00:25:00,M,300.7,310.9,1486,38.9,106,0,0,0,0,0,0
M013,27,2026-01-01 00:26:00,L,300.6,310.8,1533,38.5,117,0,0,0,0,0,0
M013,28,2026-01-01 00:27:00,L,300.5,310.8,1728,26.3,125,0,0,0,0,0,0
M013,29,2026-01-01 00:28:00,H,300.5,310.9,1447,46.5,137,0,0,0,0,0,0
M013,30,2026-01-01 00:29:00,L,300.4,310.8,1396,49.3,142,0,0,0,0,0,0
M013,31,2026-01-01 00:30:00,L,300.5,310.7,1488,39.4,159,0,0,0,0,0,0
M013,32,2026-01-01 00:31:00,H,300.8,310.8,1466,45.2,188,0,0,0,0,0,0
M013,33,2026-01-01 00:32:00,L,300.7,310.7,1507,46.1,209,0,0,0,0,0,0
M013,34,2026-01-01 00:33:00,M,300.7,310.7,1343,51.6,211,0,0,0,0,0,0
M013,35,2026-01-01 00:34:00,M,300.4,310.2,1671,30.5,234,1,0,0,0,0,1
M013,36,2026-01-01 00:35:00,L,300.4,310.2,1529,36.2,10,0,0,0,0,0,0
M013,37,2026-01-01 00:36:00,H,300.7,310.7,1428,43.4,26,0,0,0,0,0,0
M013,38,2026-01-01 00:37:00,H,300.8,310.9,1425,44.0,33,0,0,0,0,0,0
M013,39,2026-01-01 00:38:00,L,300.7,310.8,1519,43.9,55,0,0,0,0,0,0
M013,40,2026-01-01 00:39:00,L,300.7,310.9,1356,65.3,66,0,0,1,0,0,1
M013,41,2026-01-01 00:40:00,M,300.6,310.9,1702,30.3,91,0,0,0,0,0,0
M013,42,2026-01-01 00:41:00,M,300.7,311.0,1418,49.3,106,0,0,0,0,0,0
M013,43,2026-01-01 00:42:00,H,300.7,310.8,1518,40.1,142,0,0,0,0,0,0
M013,44,2026-01-01 00:43:00,L,300.8,310.8,1634,29.2,149,0,0,0,0,0,0
M013,45,2026-01-01 00:44:00,M,301.1,311.2,1407,53.0,165,0,0,0,0,0,0
M013,46,2026-01-01 00:45:00,L,301.0,311.0,1582,37.5,176,0,0,0,0,0,0
M013,47,2026-01-01 00:46:00,M,300.9,310.8,1452,43.6,185,0,0,0,0,0,0
M013,48,2026-01-01 00:47:00,L,300.8,310.7,1339,59.1,203,0,0,0,1,0,1
M013,49,2026-01-01 00:48:00,L,300.9,310.7,1412,57.5,16,0,0,0,0,1,0
M013,50,2026-01-01 00:49:00,M,300.8,310.7,1924,22.4,36,0,0,0,0,0,0
M013,51,2026-01-01 00:50:00,M,300.8,310.7,1886,21.1,44,0,0,0,0,0,0
M013,52,2026-01-01 00:51:00,M,300.8,310.9,1522,46.2,56,0,0,0,0,0,0
M013,53,2026-01-01 00:52:00,L,300.7,310.8,1534,41.3,69,0,0,0,0,0,0
M013,54,2026-01-01 00:53:00,L,300.7,310.8,1925,22.0,74,0,0,0,0,0,0
M013,55,2026-01-01 00:54:00,L,300.9,311.1,1471,39.3,91,0,0,0,0,0,0
M013,56,2026-01-01 00:55:00,L,300.9,310.9,1477,41.5,100,0,0,0,0,0,0
M013,57,2026-01-01 00:56:00,L,300.9,310.9,1995,20.2,105,0,0,0,0,0,0
M013,58,2026-01-01 00:57:00,L,300.9,310.9,1370,52.5,107,0,0,0,0,0,0
M013,59,2026-01-01 00:58:00,M,301.1,311.1,1436,41.8,156,0,0,0,0,0,0
M013,60,2026-01-01 00:59:00,M,301.1,311.1,2089,19.8,162,0,0,0,0,0,0
M013,61,2026-01-01 01:00:00,L,301.1,311.2,1555,35.3,172,0,0,0,0,0,0
M013,62,2026-01-01 01:01:00,L,301.0,311.1,1236,64.4,177,0,0,0,1,0,1
M013,63,2026-01-01 01:02:00,L,301.1,311.1,1508,41.5,184,0,0,0,0,0,0
M013,64,2026-01-01 01:03:00,L,301.0,311.0,1399,58.0,190,0,0,0,1,0,1
M013,65,2026-01-01 01:04:00,H,300.8,310.5,1559,40.1,220,0,0,0,0,0,0
M013,66,2026-01-01 01:05:00,L,300.8,310.6,1577,37.9,227,1,0,0,0,0,1
M013,67,2026-01-01 01:06:00,L,300.8,310.7,1633,27.8,0,0,0,0,0,0,0
M013,68,2026-01-01 01:07:00,L,300.9,310.8,1517,44.3,4,0,0,0,0,0,0
M013,69,2026-01-01 01:08:00,L,301.1,310.9,1282,67.9,10,0,0,1,0,0,1
M013,70,2026-01-01 01:09:00,L,300.9,310.8,1701,30.4,55,0,0,0,0,0,0
M013,71,2026-01-01 01:10:00,M,300.8,310.6,1669,28.4,79,0,0,0,0,0,0
M013,72,2026-01-01 01:11:00,L,300.7,310.6,1447,40.7,82,0,0,0,0,0,0
M013,73,2026-01-01 01:12:00,M,301.1,310.9,1552,37.9,126,0,0,0,0,0,0
M013,74,2026-01-01 01:13:00,H,301.3,311.0,1341,59.3,134,0,0,0,0,0,0
M013,75,2026-01-01 01:14:00,H,300.8,310.3,1457,46.8,182,0,0,0,0,0,0
M013,76,2026-01-01 01:15:00,L,300.8,310.1,1405,61.2,189,0,0,1,1,0,1
M013,77,2026-01-01 01:16:00,L,300.7,310.1,1542,35.5,191,0,0,0,0,0,0
M013,78,2026-01-01 01:17:00,M,300.8,310.2,1598,36.5,195,0,0,0,0,0,0
M013,79,2026-01-01 01:18:00,L,300.8,310.3,1538,36.1,198,0,0,0,0,0,0
M013,80,2026-01-01 01:19:00,L,300.9,310.4,1615,30.9,200,0,0,0,0,0,0
M013,81,2026-01-01 01:20:00,L,301.0,310.5,1379,57.3,204,0,0,0,1,0,1
M013,82,2026-01-01 01:21:00,L,301.0,310.6,1493,37.8,206,1,0,0,0,0,1
M013,83,2026-01-01 01:22:00,M,301.1,310.7,1583,40.7,2,0,0,0,0,0,0
M013,84,2026-01-01 01:23:00,M,301.2,310.8,1396,47.4,5,0,0,0,0,0,0
M013,85,2026-01-01 01:24:00,M,300.9,310.5,1702,29.3,32,0,0,0,0,0,0
M013,86,2026-01-01 01:25:00,L,301.3,310.8,1628,32.2,43,0,0,0,0,0,0
M013,87,2026-01-01 01:26:00,L,301.2,310.8,1461,40.6,47,0,0,0,0,0,0
M013,88,2026-01-01 01:27:00,M,301.2,310.7,1426,46.1,67,0,0,0,0,0,0
M013,89,2026-01-01 01:28:00,L,301.0,310.5,1932,21.7,79,0,0,0,0,0,0
M013,90,2026-01-01 01:29:00,L,301.2,310.7,1517,39.4,107,0,0,0,0,0,0
M013,91,2026-01-01 01:30:00,H,301.2,310.6,1457,50.5,114,0,0,0,0,0,0
M013,92,2026-01-01 01:31:00,M,300.8,310.1,1686,26.9,128,0,0,0,0,0,0
M013,93,2026-01-01 01:32:00,L,300.9,310.1,2090,17.8,133,0,0,0,0,0,0
M013,94,2026-01-01 01:33:00,M,301.0,310.4,1793,25.0,142,0,0,0,0,0,0
M013,95,2026-01-01 01:34:00,L,300.7,310.1,1351,46.9,165,0,0,0,0,0,0
M013,96,2026-01-01 01:35:00,L,300.6,310.0,1425,49.5,174,0,0,0,0,0,0
M013,97,2026-01-01 01:36:00,L,300.7,310.0,1672,29.7,176,0,0,0,0,0,0
M013,98,2026-01-01 01:37:00,H,300.5,310.0,1495,47.4,184,0,0,0,0,0,0
M013,99,2026-01-01 01:38:00,M,300.5,309.9,1994,19.8,189,0,0,0,0,0,0
M013,100,2026-01-01 01:39:00,M,300.4,309.9,1415,31.8,192,0,0,0,0,0,0
M014,1,2026-01-01 00:00:00,L,300.4,309.8,1395,48.1,201,0,0,0,0,0,0
M014,2,2026-01-01 00:01:00,M,300.4,309.8,1435,43.6,203,0,0,0,0,0,0
M014,3,2026-01-01 00:02:00,H,300.5,309.9,1397,45.9,210,1,0,0,0,0,1
M014,4,2026-01-01 00:03:00,L,300.0,309.6,1496,38.8,27,0,0,0,0,0,0
M014,5,2026-01-01 00:04:00,M,300.1,309.7,1348,57.3,48,0,0,0,0,0,0
M014,6,2026-01-01 00:05:00,M,300.0,309.6,1618,36.2,53,0,0,0,0,0,0
M014,7,2026-01-01 00:06:00,M,300.0,309.6,1423,48.7,67,0,0,0,0,0,0
M014,8,2026-01-01 00:07:00,H,300.0,309.5,1781,24.9,70,0,0,0,0,0,0
M014,9,2026-01-01 00:08:00,L,300.1,309.6,1541,37.0,96,0,0,0,0,0,0
M014,10,2026-01-01 00:09:00,H,300.1,309.6,1463,45.1,113,0,0,0,0,0,0
M014,11,2026-01-01 00:10:00,M,300.0,309.6,1587,32.6,152,0,0,0,0,0,0
M014,12,2026-01-01 00:11:00,L,300.1,309.7,1601,35.8,160,0,0,0,0,0,0
M014,13,2026-01-01 00:12:00,L,300.3,310.0,1560,40.8,182,0,0,0,0,0,0
M014,14,2026-01-01 00:13:00,M,300.4,310.0,1560,42.3,186,0,0,0,0,0,0
M014,15,2026-01-01 00:14:00,L,300.3,309.9,1540,39.9,203,0,0,0,0,0,0
M014,16,2026-01-01 00:15:00,H,300.3,309.9,1394,46.7,210,1,0,0,0,0,1
M014,17,2026-01-01 00:16:00,L,300.3,309.9,1518,36.4,0,0,0,0,0,0,0
M014,18,2026-01-01 00:17:00,M,300.2,309.8,1394,47.4,21,0,0,0,0,0,0
M014,19,2026-01-01 00:18:00,L,300.2,309.8,1353,59.4,26,0,0,0,0,0,0
M014,20,2026-01-01 00:19:00,L,300.8,310.3,1537,33.3,52,0,0,0,0,0,0
M014,21,2026-01-01 00:20:00,M,300.7,310.3,1471,40.2,59,0,0,0,0,0,0
M014,22,2026-01-01 00:21:00,L,300.7,310.1,1598,32.8,79,0,0,0,0,0,0
M014,23,2026-01-01 00:22:00,L,300.7,310.1,1565,40.2,81,0,0,0,0,0,0
M014,24,2026-01-01 00:23:00,L,300.6,310.0,1505,35.9,95,0,0,0,0,0,0
M014,25,2026-01-01 00:24:00,M,300.5,309.9,1735,27.0,107,0,0,0,0,0,0
M014,26,2026-01-01 00:25:00,L,300.5,309.8,1663,29.1,145,0,0,0,0,0,1
M014,27,2026-01-01 00:26:00,L,300.7,309.8,1330,54.4,171,0,0,0,0,0,0
M014,28,2026-01-01 00:27:00,M,300.7,309.8,1490,38.8,173,0,0,0,0,0,0
M014,29,2026-01-01 00:28:00,L,300.7,309.8,1363,53.1,183,0,0,0,0,0,0
M014,30,2026-01-01 00:29:00,L,300.8,309.9,1312,65.3,192,0,0,0,1,0,1
M014,31,2026-01-01 00:30:00,L,301.1,310.1,1564,36.8,7,0,0,0,0,0,0
M014,32,2026-01-01 00:31:00,H,301.0,310.0,1212,67.9,30,0,0,0,0,0,0
M014,33,2026-01-01 00:32:00,L,301.1,310.4,1312,73.6,49,0,0,1,0,0,1
M014,34,2026-01-01 00:33:00,L,301.2,310.5,1546,40.0,55,0,0,0,0,0,0
M014,35,2026-01-01 00:34:00,L,301.4,310.7,1436,54.1,90,0,0,0,0,0,0
M014,36,2026-01-01 00:35:00,M,301.4,310.7,1368,63.7,92,0,0,1,0,0,1
M014,37,2026-01-01 00:36:00,L,301.4,310.8,1770,24.1,112,0,0,0,0,0,0
M014,38,2026-01-01 00:37:00,L,301.4,310.8,1389,52.7,125,0,0,0,0,0,0
M014,39,2026-01-01 00:38:00,L,301.5,310.7,1686,27.9,135,0,0,0,0,0,0
M014,40,2026-01-01 00:39:00,M,301.5,310.6,1447,41.9,140,0,0,0,0,0,0
M014,41,2026-01-01 00:40:00,H,301.5,310.6,1512,39.0,143,0,0,0,0,0,0
M014,42,2026-01-01 00:41:00,L,301.5,310.7,1596,35.4,150,0,0,0,0,0,0
M014,43,2026-01-01 00:42:00,M,301.4,310.7,1375,42.0,168,0,0,0,0,0,0
M014,44,2026-01-01 00:43:00,L,301.5,310.5,1644,34.9,186,0,0,0,0,0,0
M014,45,2026-01-01 00:44:00,L,301.5,310.5,1528,35.7,198,0,0,0,0,0,0
M014,46,2026-01-01 00:45:00,L,301.6,310.7,1457,40.4,213,0,0,0,0,0,0
M014,47,2026-01-01 00:46:00,M,301.5,310.7,1454,39.4,17,0,0,0,0,0,0
M014,48,2026-01-01 00:47:00,L,301.5,310.6,1481,46.8,20,0,0,0,0,0,0
M014,49,2026-01-01 00:48:00,M,301.5,310.7,1347,47.9,29,0,0,0,0,0,0
M014,50,2026-01-01 00:49:00,L,301.5,310.6,1374,46.7,32,0,0,0,0,0,0
M014,51,2026-01-01 00:50:00,M,301.6,310.6,1309,65.8,75,0,0,1,0,0,1
M014,52,2026-01-01 00:51:00,M,301.7,310.7,1442,41.1,89,0,0,0,0,0,0
M014,53,2026-01-01 00:52:00,M,301.5,310.4,1378,55.3,109,0,0,0,0,0,0
M014,54,2026-01-01 00:53:00,L,301.5,310.5,1453,44.2,129,0,0,0,0,0,0
M014,55,2026-01-01 00:54:00,L,301.6,310.6,1431,37.5,137,0,0,0,0,0,0
M014,56,2026-01-01 00:55:00,M,301.5,310.5,1308,60.5,139,0,0,0,0,0,0
M014,57,2026-01-01 00:56:00,L,301.5,310.5,1479,34.2,147,0,0,0,0,0,0
M014,58,2026-01-01 00:57:00,M,301.5,310.4,1350,54.9,153,0,0,0,0,0,0
M014,59,2026-01-01 00:58:00,L,301.6,310.4,1561,35.3,156,0,0,0,0,0,0
M014,60,2026-01-01 00:59:00,M,301.5,310.4,1276,55.6,158,0,0,0,0,0,0
M014,61,2026-01-01 01:00:00,M,301.3,310.4,2093,18.7,190,0,0,0,0,0,0
M014,62,2026-01-01 01:01:00,L,301.6,310.7,1424,50.5,214,0,0,0,0,0,0
M014,63,2026-01-01 01:02:00,L,301.6,310.7,1380,51.8,216,0,0,0,1,0,1
M014,64,2026-01-01 01:03:00,L,301.5,310.7,1618,35.5,218,0,0,0,0,0,0
M014,65,2026-01-01 01:04:00,L,301.5,310.7,1423,44.0,222,0,0,0,0,0,0
M014,66,2026-01-01 01:05:00,M,301.5,310.7,1336,65.6,0,0,0,1,0,0,1
M014,67,2026-01-01 01:06:00,L,301.7,311.0,1715,24.8,17,0,0,0,0,0,0
M014,68,2026-01-01 01:07:00,M,301.7,311.0,1510,47.8,27,0,0,0,0,0,0
M014,69,2026-01-01 01:08:00,M,301.7,310.8,1516,40.4,48,0,0,0,0,0,0
M014,70,2026-01-01 01:09:00,L,301.6,310.9,1623,34.1,56,0,0,0,0,0,0
M014,71,2026-01-01 01:10:00,M,301.5,310.7,1510,36.0,64,0,0,0,0,0,0
M014,72,2026-01-01 01:11:00,L,301.3,310.6,1556,39.0,72,0,0,0,0,0,0
M014,73,2026-01-01 01:12:00,L,301.3,310.6,1387,53.6,94,0,0,0,0,0,0
M014,74,2026-01-01 01:13:00,L,301.4,310.7,1280,61.0,106,0,0,0,0,0,0
M014,75,2026-01-01 01:14:00,L,301.5,310.8,1500,41.0,118,0,0,0,0,0,0
M014,76,2026-01-01 01:15:00,L,301.6,310.9,1385,51.2,132,0,0,0,0,0,0
M014,77,2026-01-01 01:16:00,L,301.7,311.0,1527,42.2,144,0,0,0,0,0,0
M014,78,2026-01-01 01:17:00,L,301.7,311.2,1482,43.6,154,0,0,0,0,0,0
M014,79,2026-01-01 01:18:00,M,301.8,311.1,1597,29.8,177,0,0,0,0,0,0
M014,80,2026-01-01 01:19:00,M,301.7,311.0,1505,44.0,187,0,0,0,0,0,0
M014,81,2026-01-01 01:20:00,M,301.8,311.1,1663,31.6,199,0,0,0,0,0,0
M014,82,2026-01-01 01:21:00,L,301.7,311.0,1441,44.3,208,1,0,0,0,0,1
M014,83,2026-01-01 01:22:00,M,301.4,310.8,1782,26.5,6,0,0,0,0,0,0
M014,84,2026-01-01 01:23:00,L,301.3,310.9,1509,41.7,16,0,0,0,0,0,0
M014,85,2026-01-01 01:24:00,H,301.3,310.8,1434,39.5,18,0,0,0,0,0,0
M014,86,2026-01-01 01:25:00,H,301.2,310.7,1747,27.3,35,0,0,0,0,0,0
M014,87,2026-01-01 01:26:00,L,301.3,310.6,1451,47.5,42,0,0,0,0,0,0
M014,88,2026-01-01 01:27:00,L,301.3,310.8,1560,38.5,52,0,0,0,0,0,0
M014,89,2026-01-01 01:28:00,L,301.3,310.8,1531,53.4,57,0,0,0,0,0,0
M014,90,2026-01-01 01:29:00,L,301.2,310.6,1409,50.9,66,0,0,0,0,0,0
M014,91,2026-01-01 01:30:00,L,301.3,310.8,1428,55.2,88,0,0,0,0,0,0
M014,92,2026-01-01 01:31:00,M,301.1,310.7,2636,12.2,100,0,0,1,0,0,1
M014,93,2026-01-01 01:32:00,L,301.0,310.7,1391,45.0,123,0,0,0,0,0,0
M014,94,2026-01-01 01:33:00,L,300.9,310.7,1427,44.1,141,0,0,0,0,0,0
M014,95,2026-01-01 01:34:00,L,300.8,310.6,1551,34.5,153,0,0,0,0,0,0
M014,96,2026-01-01 01:35:00,M,300.8,310.6,1545,37.5,155,0,0,0,0,0,0
M014,97,2026-01-01 01:36:00,M,301.3,311.5,1648,32.4,0,0,0,0,0,0,0
M014,98,2026-01-01 01:37:00,L,301.1,311.3,1498,37.6,11,0,0,0,0,0,0
M014,99,2026-01-01 01:38:00,H,301.0,311.3,1597,39.2,66,0,0,0,0,0,0
M014,100,2026-01-01 01:39:00,H,300.8,311.2,2237,17.0,95,0,0,0,0,0,0
M015,1,2026-01-01 00:00:00,L,301.0,311.4,1573,37.6,103,0,0,0,0,0,0
M015,2,2026-01-01 00:01:00,L,300.8,311.3,1782,26.9,116,0,0,0,0,0,0
M015,3,2026-01-01 00:02:00,L,300.9,311.5,1505,41.1,129,0,0,0,0,0,0
M015,4,2026-01-01 00:03:00,L,301.0,311.6,1440,43.3,131,0,0,0,0,0,0
M015,5,2026-01-01 00:04:00,L,301.1,311.7,1408,46.3,135,0,0,0,0,0,0
M015,6,2026-01-01 00:05:00,M,301.0,311.6,1454,40.0,140,0,0,0,0,0,0
M015,7,2026-01-01 00:06:00,L,301.0,311.6,1461,40.6,154,0,0,0,0,0,0
M015,8,2026-01-01 00:07:00,L,300.8,311.1,1480,41.1,176,0,0,0,0,0,0
M015,9,2026-01-01 00:08:00,L,300.8,311.2,1481,38.5,181,0,0,0,0,1,0
M015,10,2026-01-01 00:09:00,L,301.0,311.4,1484,36.2,188,0,0,0,0,0,0
M015,11,2026-01-01 00:10:00,L,301.0,311.4,1481,37.5,193,0,0,0,0,0,0
M015,12,2026-01-01 00:11:00,L,301.0,311.5,1559,31.8,195,0,0,0,0,0,0
M015,13,2026-01-01 00:12:00,L,301.0,311.5,1444,39.8,197,0,0,0,0,0,0
M015,14,2026-01-01 00:13:00,L,301.1,311.6,1432,48.1,202,0,0,0,0,0,0
M015,15,2026-01-01 00:14:00,L,301.2,311.6,1461,52.9,208,0,0,0,1,0,1
M015,16,2026-01-01 00:15:00,L,301.1,311.7,1816,24.5,7,0,0,0,0,0,0
M015,17,2026-01-01 00:16:00,M,301.0,311.6,1301,55.0,9,0,0,0,0,0,0
M015,18,2026-01-01 00:17:00,M,300.9,311.5,1836,21.8,12,0,0,0,0,0,0
M015,19,2026-01-01 00:18:00,L,300.8,311.4,1322,67.2,18,0,0,1,0,0,1
M015,20,2026-01-01 00:19:00,L,300.7,311.2,1878,24.3,24,0,0,0,0,0,0
M015,21,2026-01-01 00:20:00,L,300.7,311.2,1452,44.4,33,0,0,0,0,0,0
M015,22,2026-01-01 00:21:00,M,300.8,311.4,1732,26.9,45,0,0,0,0,0,0
M015,23,2026-01-01 00:22:00,L,300.7,311.2,1486,46.8,56,0,0,0,0,0,0
M015,24,2026-01-01 00:23:00,L,300.8,311.3,1498,40.2,73,0,0,0,0,0,0
M015,25,2026-01-01 00:24:00,L,300.6,311.0,1543,34.7,89,0,0,0,0,0,0
M015,26,2026-01-01 00:25:00,L,300.7,311.0,1413,52.0,91,0,0,0,0,1,0
M015,27,2026-01-01 00:26:00,M,300.7,311.0,1378,41.2,93,0,0,0,0,0,0
M015,28,2026-01-01 00:27:00,L,300.7,311.0,1969,20.7,109,0,0,0,0,0,0
M015,29,2026-01-01 00:28:00,L,300.8,311.3,1505,45.5,141,0,0,0,0,0,0
M015,30,2026-01-01 00:29:00,M,300.7,311.0,1334,53.9,150,0,0,0,0,0,0
M015,31,2026-01-01 00:30:00,L,300.7,311.1,2478,13.4,170,0,0,1,0,0,1
M015,32,2026-01-01 00:31:00,M,300.6,310.7,1705,31.2,181,0,0,0,0,0,0
M015,33,2026-01-01 00:32:00,M,300.6,310.7,1457,36.7,193,0,0,0,0,0,0
M015,34,2026-01-01 00:33:00,H,300.5,310.6,1411,47.2,201,0,0,0,0,0,0
M015,35,2026-01-01 00:34:00,L,300.5,310.6,1950,20.3,208,0,0,0,0,0,0
M015,36,2026-01-01 00:35:00,L,300.5,310.6,1499,45.2,8,0,0,0,0,0,0
M015,37,2026-01-01 00:36:00,L,300.5,310.5,1536,36.2,12,0,0,0,0,0,0
M015,38,2026-01-01 00:37:00,M,300.5,310.5,1469,42.9,14,0,0,0,0,0,0
M015,39,2026-01-01 00:38:00,L,300.5,310.5,2633,12.2,17,0,0,1,0,0,1
M015,40,2026-01-01 00:39:00,L,300.4,310.4,1298,61.4,19,0,0,0,0,0,0
M015,41,2026-01-01 00:40:00,M,300.4,310.4,1544,36.3,21,0,0,0,0,0,0
M015,42,2026-01-01 00:41:00,M,300.7,310.7,1377,46.7,36,0,0,0,0,0,0
M015,43,2026-01-01 00:42:00,L,300.7,310.8,1772,27.3,69,0,0,0,0,0,0
M015,44,2026-01-01 00:43:00,L,300.6,310.6,1497,38.2,83,0,0,0,0,0,0
M015,45,2026-01-01 00:44:00,L,300.8,310.6,1666,36.2,144,0,0,0,0,0,0
M015,46,2026-01-01 00:45:00,L,300.6,310.4,1446,49.7,155,0,0,0,0,0,0
M015,47,2026-01-01 00:46:00,L,300.7,310.4,1234,51.7,160,0,0,0,0,0,0
M015,48,2026-01-01 00:47:00,L,300.7,310.4,1416,61.8,209,0,0,1,1,0,1
M015,49,2026-01-01 00:48:00,L,300.6,310.3,1484,41.0,213,0,0,0,0,0,0
M015,50,2026-01-01 00:49:00,L,300.6,310.4,2514,13.4,215,0,0,0,0,0,0
M015,51,2026-01-01 00:50:00,L,300.6,310.3,1648,30.5,217,1,0,0,0,0,1
M015,52,2026-01-01 00:51:00,H,300.7,310.3,1369,50.7,12,0,0,0,0,0,0
M015,53,2026-01-01 00:52:00,L,300.6,310.1,1485,49.9,19,0,0,0,0,0,0
M015,54,2026-01-01 00:53:00,L,300.6,310.2,1489,47.8,21,0,0,0,0,0,0
M015,55,2026-01-01 00:54:00,M,300.6,310.2,1233,52.3,23,0,0,0,0,0,0
M015,56,2026-01-01 00:55:00,L,300.7,310.2,1642,32.6,26,0,0,0,0,0,0
M015,57,2026-01-01 00:56:00,L,300.7,310.2,1569,32.8,31,0,0,0,0,0,0
M015,58,2026-01-01 00:57:00,M,300.8,310.3,1494,42.2,35,0,0,0,0,0,0
M015,59,2026-01-01 00:58:00,L,300.9,310.4,1454,43.1,43,0,0,0,0,0,0
M015,60,2026-01-01 00:59:00,L,300.9,310.5,1599,40.5,57,0,0,0,0,0,0
M015,61,2026-01-01 01:00:00,M,300.8,310.4,1450,39.4,62,0,0,0,0,0,0
M015,62,2026-01-01 01:01:00,M,300.8,310.3,1868,24.5,95,0,0,0,0,0,0
M015,63,2026-01-01 01:02:00,M,300.5,309.9,1552,41.3,116,0,0,0,0,0,0
M015,64,2026-01-01 01:03:00,L,300.6,310.1,1495,42.3,132,0,0,0,0,0,0
M015,65,2026-01-01 01:04:00,M,300.2,310.0,1664,30.7,179,0,0,0,0,0,0
M015,66,2026-01-01 01:05:00,L,300.2,310.0,1389,53.6,184,0,0,0,0,0,0
M015,67,2026-01-01 01:06:00,L,300.2,310.2,1378,43.9,193,0,0,0,0,0,0
M015,68,2026-01-01 01:07:00,M,300.2,310.1,1474,44.0,198,0,0,0,0,0,0
M015,69,2026-01-01 01:08:00,L,300.3,310.3,1362,60.3,206,0,0,0,1,0,1
M015,70,2026-01-01 01:09:00,M,300.2,310.2,1628,30.3,27,0,0,0,0,0,0
M015,71,2026-01-01 01:10:00,L,300.4,310.5,1402,54.3,44,0,0,0,0,0,0
M015,72,2026-01-01 01:11:00,L,299.8,309.7,1483,39.6,87,0,0,0,0,0,0
M015,73,2026-01-01 01:12:00,L,299.8,309.7,1457,51.9,89,0,0,0,0,0,0
M015,74,2026-01-01 01:13:00,M,299.8,309.7,1556,37.7,124,0,0,0,0,0,0
M015,75,2026-01-01 01:14:00,M,300.1,310.2,1429,42.0,206,0,0,0,0,0,0
M015,76,2026-01-01 01:15:00,M,300.2,310.3,1448,40.1,209,0,0,0,0,0,0
M015,77,2026-01-01 01:16:00,L,300.3,310.5,1522,39.1,217,0,0,0,0,0,0
M015,78,2026-01-01 01:17:00,L,300.3,310.4,1493,37.5,219,0,0,0,0,0,0
M015,79,2026-01-01 01:18:00,L,300.5,310.6,1543,36.2,30,0,0,0,0,0,0
M015,80,2026-01-01 01:19:00,L,300.2,310.3,1202,59.5,40,0,0,0,0,0,0
M015,81,2026-01-01 01:20:00,M,300.2,310.3,1478,38.1,45,0,0,0,0,0,0
M015,82,2026-01-01 01:21:00,H,300.0,310.1,1714,28.7,55,0,0,0,0,0,0
M015,83,2026-01-01 01:22:00,L,299.9,310.2,1288,69.6,62,0,0,1,0,0,1
M015,84,2026-01-01 01:23:00,M,300.0,310.2,1443,58.7,68,0,0,0,0,0,0
M015,85,2026-01-01 01:24:00,M,300.1,310.3,1345,57.1,71,0,0,0,0,0,0
M015,86,2026-01-01 01:25:00,M,300.2,310.4,1202,61.7,74,0,0,0,0,0,0
M015,87,2026-01-01 01:26:00,L,300.3,310.6,1806,24.4,88,0,0,0,0,0,0
M015,88,2026-01-01 01:27:00,H,300.0,310.4,1881,21.9,102,0,0,0,0,0,0
M015,89,2026-01-01 01:28:00,M,300.0,310.4,1385,52.1,128,0,0,0,0,0,0
M015,90,2026-01-01 01:29:00,L,299.9,310.4,1497,47.0,150,0,0,0,0,0,0
M015,91,2026-01-01 01:30:00,L,299.9,310.3,1638,29.1,152,0,0,0,0,0,0
M015,92,2026-01-01 01:31:00,L,299.8,310.2,1911,23.5,166,0,0,0,0,0,0
M015,93,2026-01-01 01:32:00,M,299.9,310.5,1576,39.4,183,0,0,0,0,0,0
M015,94,2026-01-01 01:33:00,L,300.0,310.5,1517,42.2,186,0,0,0,0,0,0
M015,95,2026-01-01 01:34:00,H,299.8,310.2,1537,36.6,191,0,0,0,0,0,0
M015,96,2026-01-01 01:35:00,M,299.9,310.4,1367,53.3,201,0,0,0,0,0,0
M015,97,2026-01-01 01:36:00,H,299.9,310.5,1549,42.8,208,0,0,0,0,0,0
M015,98,2026-01-01 01:37:00,L,299.8,310.4,1579,36.4,0,0,0,0,0,0,0
M015,99,2026-01-01 01:38:00,M,299.7,310.3,1661,34.5,6,0,0,0,0,0,0
M015,100,2026-01-01 01:39:00,L,299.6,310.2,1469,47.0,15,0,0,0,0,0,0
M016,1,2026-01-01 00:00:00,L,299.7,310.2,1458,43.4,28,0,0,0,0,0,0
M016,2,2026-01-01 00:01:00,L,299.6,310.1,1487,42.9,42,0,0,0,0,0,0
M016,3,2026-01-01 00:02:00,M,299.5,310.1,1659,31.5,44,0,0,0,0,0,0
M016,4,2026-01-01 00:03:00,L,299.5,310.1,1585,35.2,50,0,0,0,0,0,0
M016,5,2026-01-01 00:04:00,M,299.6,310.1,1646,29.6,73,0,0,0,0,0,0
M016,6,2026-01-01 00:05:00,L,299.5,310.0,1379,50.4,85,0,0,0,0,0,0
M016,7,2026-01-01 00:06:00,L,299.5,310.0,1349,52.7,92,0,0,0,0,0,0
M016,8,2026-01-01 00:07:00,L,299.5,310.0,1388,52.4,94,0,0,0,0,0,0
M016,9,2026-01-01 00:08:00,M,299.8,310.6,1574,31.8,113,0,0,0,0,0,0
M016,10,2026-01-01 00:09:00,M,299.8,310.6,1694,31.3,121,0,0,0,0,0,0
M016,11,2026-01-01 00:10:00,L,299.8,310.8,1376,48.6,159,0,0,0,0,0,0
M016,12,2026-01-01 00:11:00,L,299.8,310.8,1553,32.2,161,0,0,0,0,0,0
M016,13,2026-01-01 00:12:00,M,299.8,310.8,1530,35.2,163,0,0,0,0,0,0
M016,14,2026-01-01 00:13:00,L,299.8,310.9,1545,40.7,166,0,0,0,0,0,0
M016,15,2026-01-01 00:14:00,L,299.9,310.9,1292,51.1,173,0,0,0,0,0,0
M016,16,2026-01-01 00:15:00,L,300.0,311.1,1425,47.8,179,0,0,0,0,0,0
M016,17,2026-01-01 00:16:00,M,300.1,311.1,1616,35.2,183,0,0,0,0,0,0
M016,18,2026-01-01 00:17:00,M,300.0,311.4,1692,29.0,216,1,0,0,0,0,1
M016,19,2026-01-01 00:18:00,L,299.9,311.3,1504,40.7,20,0,0,0,0,0,0
M016,20,2026-01-01 00:19:00,L,300.2,311.7,1553,41.3,44,0,0,0,0,0,0
M016,21,2026-01-01 00:20:00,M,300.3,311.9,1677,30.8,48,0,0,0,0,0,0
M016,22,2026-01-01 00:21:00,H,300.3,311.7,1432,47.7,61,0,0,0,0,0,0
M016,23,2026-01-01 00:22:00,M,300.2,311.7,1397,50.2,71,0,0,0,0,0,0
M016,24,2026-01-01 00:23:00,L,300.1,311.6,1530,36.6,74,0,0,0,0,0,0
M016,25,2026-01-01 00:24:00,L,300.0,311.5,1749,28.3,83,0,0,0,0,0,0
M016,26,2026-01-01 00:25:00,L,300.3,311.7,1545,43.5,160,0,0,0,0,1,0
M016,27,2026-01-01 00:26:00,L,300.2,311.8,1410,51.4,189,0,0,0,0,0,0
M016,28,2026-01-01 00:27:00,L,300.2,311.7,1640,30.8,191,0,0,0,0,0,0
M016,29,2026-01-01 00:28:00,M,300.3,311.7,1646,28.9,198,0,0,0,0,0,0
M016,30,2026-01-01 00:29:00,L,300.6,311.9,1372,60.1,212,0,0,0,1,0,1
M016,31,2026-01-01 00:30:00,L,300.5,311.8,1524,38.9,214,1,0,0,0,0,1
M016,32,2026-01-01 00:31:00,L,300.2,311.5,1500,40.8,17,0,0,0,0,0,0
M016,33,2026-01-01 00:32:00,L,300.2,311.6,1529,35.5,21,0,0,0,0,0,0
M016,34,2026-01-01 00:33:00,L,300.0,311.2,1504,37.9,58,0,0,0,0,0,0
M016,35,2026-01-01 00:34:00,L,300.0,311.2,1629,31.7,62,0,0,0,0,0,0
M016,36,2026-01-01 00:35:00,L,300.1,311.3,2579,12.5,64,0,0,1,0,0,1
M016,37,2026-01-01 00:36:00,M,300.2,311.3,1587,31.2,73,0,0,0,0,0,0
M016,38,2026-01-01 00:37:00,M,300.3,311.2,1381,65.2,136,0,0,1,0,0,1
M016,39,2026-01-01 00:38:00,M,300.2,311.0,2370,14.7,144,0,0,0,0,0,0
M016,40,2026-01-01 00:39:00,L,300.2,311.0,1627,33.7,147,0,0,0,0,0,0
M016,41,2026-01-01 00:40:00,L,300.2,311.0,1255,71.8,149,0,0,1,0,0,1
M016,42,2026-01-01 00:41:00,L,300.3,311.1,1605,37.1,160,0,0,0,0,0,0
M016,43,2026-01-01 00:42:00,L,300.4,311.1,1487,37.4,162,0,0,0,0,0,0
M016,44,2026-01-01 00:43:00,L,300.4,311.2,1436,56.8,173,0,0,0,0,0,0
M016,45,2026-01-01 00:44:00,L,300.4,311.1,2013,20.1,195,0,0,0,0,0,0
M016,46,2026-01-01 00:45:00,M,300.5,311.1,1296,61.3,202,0,0,0,1,0,1
M016,47,2026-01-01 00:46:00,L,300.5,311.2,1270,67.5,208,0,0,0,1,0,1
M016,48,2026-01-01 00:47:00,H,300.5,311.2,1397,45.2,2,0,0,0,0,0,0
M016,49,2026-01-01 00:48:00,L,300.4,311.2,1705,28.7,20,0,0,0,0,0,0
M016,50,2026-01-01 00:49:00,L,300.4,311.5,1441,44.6,96,0,0,0,0,0,0
M016,51,2026-01-01 00:50:00,L,300.3,311.4,1526,38.5,101,0,0,0,0,0,0
M016,52,2026-01-01 00:51:00,H,300.4,311.4,1427,50.7,122,0,0,0,0,0,0
M016,53,2026-01-01 00:52:00,L,300.4,311.4,1728,31.7,133,0,0,0,0,0,0
M016,54,2026-01-01 00:53:00,L,300.4,311.4,1552,28.8,135,0,0,0,0,0,0
M016,55,2026-01-01 00:54:00,M,300.4,311.5,1476,32.6,144,0,0,0,0,0,0
M016,56,2026-01-01 00:55:00,M,300.3,311.5,1540,41.5,151,0,0,0,0,0,0
M016,57,2026-01-01 00:56:00,M,300.6,311.7,1424,50.8,182,0,0,0,0,0,0
M016,58,2026-01-01 00:57:00,L,300.7,311.8,1336,58.4,189,0,0,0,1,0,1
M016,59,2026-01-01 00:58:00,M,300.7,311.7,2097,18.9,232,1,0,0,0,0,1
M016,60,2026-01-01 00:59:00,L,300.6,311.7,1432,39.2,2,0,0,0,0,0,0
M016,61,2026-01-01 01:00:00,M,300.6,311.6,1630,31.8,52,0,0,0,0,0,0
M016,62,2026-01-01 01:01:00,L,300.5,311.4,1709,32.3,64,0,0,0,0,0,0
M016,63,2026-01-01 01:02:00,M,300.5,311.4,1390,51.9,68,0,0,0,0,0,0
M016,64,2026-01-01 01:03:00,H,300.6,311.7,1427,44.6,87,0,0,0,0,0,0
M016,65,2026-01-01 01:04:00,H,300.5,311.6,1476,41.7,97,0,0,0,0,0,0
M016,66,2026-01-01 01:05:00,M,300.5,311.6,1454,41.4,108,0,0,0,0,0,0
M016,67,2026-01-01 01:06:00,H,300.7,311.9,1329,59.2,121,0,0,0,0,0,0
M016,68,2026-01-01 01:07:00,M,300.5,312.0,1263,60.8,146,0,0,0,0,0,0
M016,69,2026-01-01 01:08:00,L,300.5,312.0,1453,45.1,151,0,0,0,0,0,0
M016,70,2026-01-01 01:09:00,L,300.5,312.0,1478,39.0,153,0,0,0,0,0,0
M016,71,2026-01-01 01:10:00,M,300.4,311.7,1398,42.6,176,0,0,0,0,0,0
M016,72,2026-01-01 01:11:00,M,300.4,311.7,1832,24.2,179,0,0,0,0,0,0
M016,73,2026-01-01 01:12:00,M,300.4,311.8,1362,47.6,188,0,0,0,0,0,0
M016,74,2026-01-01 01:13:00,L,300.5,311.8,1368,57.9,191,0,0,0,1,0,1
M016,75,2026-01-01 01:14:00,L,300.4,311.8,1272,59.2,198,0,0,0,1,0,1
M016,76,2026-01-01 01:15:00,M,300.3,311.5,1400,43.8,0,0,0,0,0,0,0
M016,77,2026-01-01 01:16:00,L,300.4,311.6,1200,76.6,3,0,0,1,0,0,1
M016,78,2026-01-01 01:17:00,L,300.4,311.6,1517,39.0,45,0,0,0,0,0,0
M016,79,2026-01-01 01:18:00,M,300.4,311.6,1518,36.4,53,0,0,0,0,0,0
M016,80,2026-01-01 01:19:00,L,300.3,311.5,1667,28.8,56,0,0,0,0,0,0
M016,81,2026-01-01 01:20:00,M,300.2,311.5,1547,40.9,66,0,0,0,0,0,0
M016,82,2026-01-01 01:21:00,M,300.1,311.4,1524,40.6,98,0,0,0,0,0,0
M016,83,2026-01-01 01:22:00,L,300.0,311.4,1383,49.6,101,0,0,0,0,0,0
M016,84,2026-01-01 01:23:00,L,300.0,311.5,1349,48.6,113,0,0,0,0,0,0
M016,85,2026-01-01 01:24:00,M,300.0,311.4,1537,35.4,120,0,0,0,0,0,0
M016,86,2026-01-01 01:25:00,M,300.0,311.4,1466,39.0,125,0,0,0,0,0,0
M016,87,2026-01-01 01:26:00,M,299.8,311.2,1706,29.2,148,0,0,0,0,0,0
M016,88,2026-01-01 01:27:00,L,299.8,311.1,1300,64.2,165,0,0,0,0,0,0
M016,89,2026-01-01 01:28:00,L,300.0,311.4,1484,37.0,183,0,0,0,0,0,0
M016,90,2026-01-01 01:29:00,L,300.2,311.6,1372,49.2,195,0,0,0,0,0,0
M016,91,2026-01-01 01:30:00,L,300.3,311.6,1374,47.4,197,0,0,0,0,0,0
M016,92,2026-01-01 01:31:00,M,300.1,311.7,1400,48.5,205,0,0,0,0,0,0
M016,93,2026-01-01 01:32:00,L,300.2,311.8,1798,23.2,210,0,0,0,0,0,0
M016,94,2026-01-01 01:33:00,M,300.3,311.7,1374,47.9,222,1,0,0,0,0,1
M016,95,2026-01-01 01:34:00,M,300.3,311.7,1447,36.8,0,0,0,0,0,0,0
M016,96,2026-01-01 01:35:00,L,300.5,311.9,1432,43.1,16,0,0,0,0,0,0
M016,97,2026-01-01 01:36:00,H,300.4,311.9,1438,46.7,41,0,0,0,0,1,0
M016,98,2026-01-01 01:37:00,L,300.7,312.3,1898,24.0,60,0,0,0,0,0,0
M016,99,2026-01-01 01:38:00,L,300.8,312.4,1465,59.1,91,0,0,1,0,0,1
M016,100,2026-01-01 01:39:00,L,300.7,312.3,1577,33.2,100,0,0,0,0,0,0
M017,1,2026-01-01 00:00:00,M,300.7,312.4,1371,61.7,102,0,0,0,0,0,0
M017,2,2026-01-01 00:01:00,L,300.9,312.7,1416,43.8,112,0,0,0,0,0,0
M017,3,2026-01-01 00:02:00,M,300.8,312.6,1588,35.6,114,0,0,0,0,0,0
M017,4,2026-01-01 00:03:00,L,300.8,312.6,1376,53.6,119,0,0,0,0,0,0
M017,5,2026-01-01 00:04:00,L,300.8,312.5,1434,50.7,121,0,0,0,0,0,0
M017,6,2026-01-01 00:05:00,L,300.9,312.4,1372,51.0,142,0,0,0,0,0,0
M017,7,2026-01-01 00:06:00,L,300.7,312.2,1590,38.5,148,0,0,0,0,0,0
M017,8,2026-01-01 00:07:00,L,300.7,312.1,1512,36.9,153,0,0,0,0,0,0
M017,9,2026-01-01 00:08:00,L,300.7,311.9,1462,39.7,181,0,0,0,0,0,0
M017,10,2026-01-01 00:09:00,L,300.7,311.9,1335,57.1,194,0,0,0,1,0,1
M017,11,2026-01-01 00:10:00,M,300.8,311.9,1356,44.3,214,0,0,0,0,0,0
M017,12,2026-01-01 00:11:00,L,300.8,311.7,1578,31.4,219,0,0,0,0,0,0
M017,13,2026-01-01 00:12:00,L,300.8,311.8,1417,43.4,223,0,0,0,0,0,0
M017,14,2026-01-01 00:13:00,L,300.8,311.7,1655,32.2,12,0,0,0,0,0,0
M017,15,2026-01-01 00:14:00,M,300.9,311.9,1310,56.1,35,0,0,0,0,0,0
M017,16,2026-01-01 00:15:00,H,300.9,311.9,2140,16.5,43,0,0,0,0,0,0
M017,17,2026-01-01 00:16:00,L,301.0,312.1,1585,32.3,50,0,0,0,0,0,0
M017,18,2026-01-01 00:17:00,L,301.0,312.2,1372,47.0,59,0,0,0,0,0,0
M017,19,2026-01-01 00:18:00,L,301.0,312.2,1510,39.9,61,0,0,0,0,0,0
M017,20,2026-01-01 00:19:00,L,301.0,312.1,1405,46.1,79,0,0,0,0,0,0
M017,21,2026-01-01 00:20:00,L,301.2,312.4,1480,53.5,97,0,0,0,0,0,0
M017,22,2026-01-01 00:21:00,M,301.2,312.4,1428,36.6,99,0,0,0,0,0,0
M017,23,2026-01-01 00:22:00,L,301.1,312.3,1486,34.9,122,0,0,0,0,0,0
M017,24,2026-01-01 00:23:00,L,301.0,312.3,1424,43.5,136,0,0,0,0,0,0
M017,25,2026-01-01 00:24:00,M,301.0,312.2,2710,9.7,143,0,0,1,0,0,1
M017,26,2026-01-01 00:25:00,L,300.8,312.0,1374,50.2,154,0,0,0,0,0,0
M017,27,2026-01-01 00:26:00,M,300.9,312.1,1851,23.0,156,0,0,0,0,0,0
M017,28,2026-01-01 00:27:00,L,300.8,312.0,1477,37.3,164,0,0,0,0,0,0
M017,29,2026-01-01 00:28:00,L,300.8,311.9,1414,41.1,171,0,0,0,0,0,0
M017,30,2026-01-01 00:29:00,L,300.9,312.0,1493,38.7,217,0,0,0,0,0,0
M017,31,2026-01-01 00:30:00,L,300.7,311.9,1399,50.2,222,0,0,0,1,0,1
M017,32,2026-01-01 00:31:00,L,300.6,312.0,1490,42.2,3,0,0,0,0,0,0
M017,33,2026-01-01 00:32:00,L,300.7,312.0,1550,32.4,5,0,0,0,0,0,0
M017,34,2026-01-01 00:33:00,L,300.8,312.0,1416,46.5,7,0,0,0,0,0,0
M017,35,2026-01-01 00:34:00,H,300.8,311.9,1431,48.5,25,0,0,0,0,0,0
M017,36,2026-01-01 00:35:00,L,300.6,311.8,1471,41.4,39,0,0,0,0,0,0
M017,37,2026-01-01 00:36:00,L,300.6,311.9,1413,41.3,43,0,0,0,0,0,0
M017,38,2026-01-01 00:37:00,L,300.2,311.5,1549,37.2,67,0,0,0,0,0,0
M017,39,2026-01-01 00:38:00,M,300.3,311.6,1359,54.1,81,0,0,0,0,0,0
M017,40,2026-01-01 00:39:00,L,300.5,312.0,1558,36.7,113,0,0,0,0,0,0
M017,41,2026-01-01 00:40:00,H,300.1,311.5,1422,46.2,134,0,0,0,0,0,0
M017,42,2026-01-01 00:41:00,L,300.1,311.4,1446,40.6,147,0,0,0,0,0,0
M017,43,2026-01-01 00:42:00,M,300.2,311.7,1555,37.4,169,0,0,0,0,0,0
M017,44,2026-01-01 00:43:00,M,300.4,312.0,1596,30.4,191,0,0,0,0,0,0
M017,45,2026-01-01 00:44:00,H,300.3,311.9,1390,49.0,194,0,0,0,0,0,0
M017,46,2026-01-01 00:45:00,M,300.4,311.8,1553,33.1,209,1,0,0,0,0,1
M017,47,2026-01-01 00:46:00,L,300.2,311.4,1452,47.8,34,0,0,0,0,0,0
M017,48,2026-01-01 00:47:00,L,300.1,311.4,1629,31.3,41,0,0,0,0,0,0
M017,49,2026-01-01 00:48:00,L,299.8,311.1,1466,46.1,58,0,0,0,0,0,0
M017,50,2026-01-01 00:49:00,M,299.7,311.0,1448,49.8,80,0,0,0,0,0,0
M017,51,2026-01-01 00:50:00,M,299.7,311.0,1506,42.7,85,0,0,0,0,0,0
M017,52,2026-01-01 00:51:00,L,299.5,310.8,1447,41.0,93,0,0,0,0,0,0
M017,53,2026-01-01 00:52:00,H,299.6,310.9,1679,31.2,120,0,0,0,0,0,0
M017,54,2026-01-01 00:53:00,L,299.6,311.0,1574,35.0,133,0,0,0,0,0,0
M017,55,2026-01-01 00:54:00,L,299.7,311.1,1574,36.4,135,0,0,0,0,0,0
M017,56,2026-01-01 00:55:00,L,299.6,310.9,1472,40.9,137,0,0,0,0,0,0
M017,57,2026-01-01 00:56:00,L,299.6,311.0,1552,33.2,139,0,0,0,0,0,0
M017,58,2026-01-01 00:57:00,H,300.0,311.4,1641,34.5,155,0,0,0,0,0,0
M017,59,2026-01-01 00:58:00,H,299.9,311.4,1497,37.0,162,0,0,0,0,0,0
M017,60,2026-01-01 00:59:00,L,299.7,311.1,1439,44.9,174,0,0,0,0,0,0
M017,61,2026-01-01 01:00:00,L,299.7,311.2,1352,52.1,176,0,0,0,0,0,0
M017,62,2026-01-01 01:01:00,L,299.8,311.3,1560,35.4,178,0,0,0,0,0,0
M017,63,2026-01-01 01:02:00,M,299.7,311.2,1616,42.3,180,0,0,0,0,0,0
M017,64,2026-01-01 01:03:00,L,299.7,311.2,1835,23.7,183,0,0,0,0,0,0
M017,65,2026-01-01 01:04:00,L,299.7,311.0,1983,21.0,201,0,0,0,0,0,0
M017,66,2026-01-01 01:05:00,L,299.6,310.9,1229,65.2,209,0,0,0,1,0,1
M017,67,2026-01-01 01:06:00,L,299.4,310.8,1376,53.9,215,0,0,0,1,0,1
M017,68,2026-01-01 01:07:00,L,299.2,310.7,1737,27.0,225,1,0,0,0,0,1
M017,69,2026-01-01 01:08:00,L,299.1,310.5,1419,48.8,76,0,0,0,0,0,0
M017,70,2026-01-01 01:09:00,L,299.1,310.6,1796,26.0,90,0,0,0,0,0,0
M017,71,2026-01-01 01:10:00,M,299.0,310.3,1689,29.7,101,0,0,0,0,0,0
M017,72,2026-01-01 01:11:00,M,299.0,310.3,1303,68.6,111,0,0,1,0,0,1
M017,73,2026-01-01 01:12:00,L,299.0,310.4,1713,28.0,116,0,0,0,0,0,0
M017,74,2026-01-01 01:13:00,L,299.0,310.4,1524,39.8,120,0,0,0,0,0,0
M017,75,2026-01-01 01:14:00,M,299.0,310.4,1394,45.2,122,0,0,0,0,0,0
M017,76,2026-01-01 01:15:00,H,299.0,310.5,1336,56.8,136,0,0,0,0,0,0
M017,77,2026-01-01 01:16:00,H,299.2,310.6,1704,30.6,160,0,0,0,0,0,0
M017,78,2026-01-01 01:17:00,L,299.1,310.7,1309,51.1,188,0,0,0,0,0,0
M017,79,2026-01-01 01:18:00,L,298.9,310.6,1363,52.6,190,0,0,0,0,0,0
M017,80,2026-01-01 01:19:00,L,298.8,310.5,1464,46.4,207,0,0,0,0,0,0
M017,81,2026-01-01 01:20:00,H,298.9,310.6,1615,33.0,221,0,0,0,0,0,0
M017,82,2026-01-01 01:21:00,M,298.8,310.5,1678,32.8,4,0,0,0,0,0,0
M017,83,2026-01-01 01:22:00,M,298.7,310.1,1402,69.7,64,0,0,1,0,0,1
M017,84,2026-01-01 01:23:00,L,298.7,310.1,1401,45.3,67,0,0,0,0,0,0
M017,85,2026-01-01 01:24:00,L,298.6,309.5,1325,52.2,127,0,0,0,0,0,0
M017,86,2026-01-01 01:25:00,M,298.8,309.7,1477,48.5,138,0,0,0,0,0,0
M017,87,2026-01-01 01:26:00,M,298.8,309.7,1459,47.3,141,0,0,0,0,0,0
M017,88,2026-01-01 01:27:00,M,298.8,309.7,1499,40.3,154,0,0,0,0,0,0
M017,89,2026-01-01 01:28:00,M,298.7,309.6,1382,48.1,186,0,0,0,0,0,0
M017,90,2026-01-01 01:29:00,L,298.5,309.5,1385,46.3,203,1,0,0,0,0,1
M017,91,2026-01-01 01:30:00,L,298.8,309.8,1634,33.6,27,0,0,0,0,0,0
M017,92,2026-01-01 01:31:00,M,298.8,309.6,1384,48.2,39,0,0,0,0,0,0
M017,93,2026-01-01 01:32:00,H,298.8,310.0,1530,38.3,53,0,0,0,0,0,0
M017,94,2026-01-01 01:33:00,M,298.9,309.9,1501,37.1,70,0,0,0,0,0,0
M017,95,2026-01-01 01:34:00,L,298.8,309.9,1351,47.2,73,0,0,0,0,0,0
M017,96,2026-01-01 01:35:00,L,298.5,309.7,2617,12.1,102,0,0,1,0,0,1
M017,97,2026-01-01 01:36:00,M,298.4,309.5,1344,45.3,122,0,0,0,0,0,0
M017,98,2026-01-01 01:37:00,L,298.6,309.8,1842,20.1,142,0,0,0,0,0,0
M017,99,2026-01-01 01:38:00,L,298.9,310.3,1496,36.3,161,0,0,0,0,0,0
M017,100,2026-01-01 01:39:00,L,299.0,310.4,1452,46.2,168,0,0,0,0,0,0
M018,1,2026-01-01 00:00:00,H,298.9,310.1,1324,54.6,185,0,0,0,0,0,0
M018,2,2026-01-01 00:01:00,L,298.8,310.0,1537,39.9,190,0,0,0,0,0,0
M018,3,2026-01-01 00:02:00,M,298.8,310.1,1501,48.7,192,0,0,0,0,0,0
M018,4,2026-01-01 00:03:00,L,298.7,309.8,1181,65.9,203,0,0,0,1,0,1
M018,5,2026-01-01 00:04:00,L,298.5,309.9,1482,42.1,15,0,0,0,0,0,0
M018,6,2026-01-01 00:05:00,L,298.6,309.9,1564,37.1,30,0,0,0,0,0,0
M018,7,2026-01-01 00:06:00,L,298.7,309.8,1469,38.4,62,0,0,0,0,0,0
M018,8,2026-01-01 00:07:00,H,298.6,309.7,1463,39.1,66,0,0,0,0,0,0
M018,9,2026-01-01 00:08:00,M,298.5,309.7,1557,37.7,86,0,0,0,0,0,0
M018,10,2026-01-01 00:09:00,M,298.5,309.5,1501,40.2,114,0,0,0,0,0,0
M018,11,2026-01-01 00:10:00,M,298.5,309.6,1364,58.7,123,0,0,0,0,0,0
M018,12,2026-01-01 00:11:00,M,298.3,309.4,1816,22.6,138,0,0,0,0,0,0
M018,13,2026-01-01 00:12:00,L,298.3,309.5,1711,30.3,148,0,0,0,0,0,0
M018,14,2026-01-01 00:13:00,H,298.6,309.8,1279,55.9,152,0,0,0,0,0,0
M018,15,2026-01-01 00:14:00,L,298.4,309.6,1710,27.3,163,0,0,0,0,0,1
M018,16,2026-01-01 00:15:00,M,298.4,309.7,1870,22.5,170,0,0,0,0,0,0
M018,17,2026-01-01 00:16:00,L,298.2,309.4,1447,47.1,185,0,0,0,0,0,0
M018,18,2026-01-01 00:17:00,M,298.5,309.4,1522,47.4,20,0,0,0,0,0,0
M018,19,2026-01-01 00:18:00,M,298.5,309.3,1615,31.8,23,0,0,0,0,0,0
M018,20,2026-01-01 00:19:00,L,298.3,309.2,1456,45.5,75,0,0,0,0,0,0
M018,21,2026-01-01 00:20:00,L,298.2,309.1,1467,44.5,80,0,0,0,0,0,0
M018,22,2026-01-01 00:21:00,L,298.3,309.0,1471,48.3,91,0,0,0,0,0,0
M018,23,2026-01-01 00:22:00,L,298.2,308.9,1332,44.4,100,0,0,0,0,0,0
M018,24,2026-01-01 00:23:00,L,298.1,308.9,1351,52.4,102,0,0,0,0,0,0
M018,25,2026-01-01 00:24:00,L,298.0,308.9,1500,36.7,104,0,0,0,0,0,0
M018,26,2026-01-01 00:25:00,M,297.5,308.1,1334,72.0,151,0,0,1,0,0,1
M018,27,2026-01-01 00:26:00,L,297.3,307.8,1385,44.4,169,0,0,0,0,0,0
M018,28,2026-01-01 00:27:00,L,297.4,307.9,1606,33.4,176,0,0,0,0,0,0
M018,29,2026-01-01 00:28:00,M,297.4,308.0,1601,34.6,181,0,0,0,0,0,0
M018,30,2026-01-01 00:29:00,M,297.5,308.2,1624,30.9,186,0,0,0,0,0,0
M018,31,2026-01-01 00:30:00,L,297.5,308.4,1433,50.0,218,0,0,0,0,0,0
M018,32,2026-01-01 00:31:00,L,297.4,308.4,1369,50.6,220,0,0,0,1,0,1
M018,33,2026-01-01 00:32:00,L,297.4,308.3,1475,40.5,222,1,0,0,0,0,1
M018,34,2026-01-01 00:33:00,L,297.4,308.3,1472,45.5,2,0,0,0,0,0,0
M018,35,2026-01-01 00:34:00,M,297.5,308.5,1401,50.5,6,0,0,0,0,0,0
M018,36,2026-01-01 00:35:00,H,297.3,308.3,1506,37.0,54,0,0,0,0,0,0
M018,37,2026-01-01 00:36:00,L,297.4,308.3,1336,53.7,61,0,0,0,0,0,0
M018,38,2026-01-01 00:37:00,L,297.5,308.4,1384,56.0,73,0,0,0,0,0,0
M018,39,2026-01-01 00:38:00,M,297.4,308.4,1478,46.2,95,0,0,0,0,0,0
M018,40,2026-01-01 00:39:00,M,297.3,308.5,1664,28.9,174,0,0,0,0,0,0
M018,41,2026-01-01 00:40:00,L,297.2,308.5,1588,40.4,190,0,0,0,0,0,0
M018,42,2026-01-01 00:41:00,L,297.1,308.4,1543,39.6,205,0,0,0,0,0,0
M018,43,2026-01-01 00:42:00,L,297.1,308.5,1323,44.4,207,1,0,0,0,0,1
M018,44,2026-01-01 00:43:00,L,297.1,308.5,1555,36.2,0,0,0,0,0,0,0
M018,45,2026-01-01 00:44:00,L,297.2,308.6,1652,32.1,52,0,0,0,0,0,0
M018,46,2026-01-01 00:45:00,L,297.1,308.6,1442,37.1,59,0,0,0,0,0,0
M018,47,2026-01-01 00:46:00,L,297.2,308.6,1578,34.4,76,0,0,0,0,0,0
M018,48,2026-01-01 00:47:00,L,297.3,308.6,1358,47.6,110,0,0,0,0,0,0
M018,49,2026-01-01 00:48:00,L,297.4,308.6,1411,46.3,138,0,0,0,0,0,0
M018,50,2026-01-01 00:49:00,M,297.4,308.7,1582,31.9,161,0,0,0,0,0,0
M018,51,2026-01-01 00:50:00,L,297.5,308.7,1761,26.2,164,0,0,0,0,0,0
M018,52,2026-01-01 00:51:00,M,297.5,308.7,1352,53.0,171,0,0,0,0,0,0
M018,53,2026-01-01 00:52:00,L,297.5,308.8,1603,36.7,184,0,0,0,0,0,0
M018,54,2026-01-01 00:53:00,L,297.4,308.8,1620,33.4,186,0,0,0,0,0,0
M018,55,2026-01-01 00:54:00,L,297.4,308.8,1353,49.4,188,0,0,0,0,0,0
M018,56,2026-01-01 00:55:00,M,297.5,308.6,1327,52.1,24,0,0,0,0,0,0
M018,57,2026-01-01 00:56:00,M,297.6,308.6,1254,45.8,31,0,0,0,0,0,0
M018,58,2026-01-01 00:57:00,L,297.5,308.6,1437,43.3,34,0,0,0,0,0,0
M018,59,2026-01-01 00:58:00,L,297.3,308.4,1472,41.3,67,0,0,0,0,0,0
M018,60,2026-01-01 00:59:00,M,297.2,308.5,1425,45.8,109,0,0,0,0,0,0
M018,61,2026-01-01 01:00:00,L,297.2,308.7,1463,49.9,146,0,0,0,0,0,0
M018,62,2026-01-01 01:01:00,M,297.3,308.8,1469,44.1,150,0,0,0,0,0,0
M018,63,2026-01-01 01:02:00,L,297.4,308.9,1708,28.8,174,0,0,0,0,0,0
M018,64,2026-01-01 01:03:00,H,297.4,308.9,1645,30.8,196,0,0,0,0,0,0
M018,65,2026-01-01 01:04:00,M,297.4,308.8,1325,62.4,204,1,0,0,1,0,1
M018,66,2026-01-01 01:05:00,L,297.5,308.9,1596,30.7,5,0,0,0,0,0,0
M018,67,2026-01-01 01:06:00,L,297.6,309.0,1491,43.2,7,0,0,0,0,0,0
M018,68,2026-01-01 01:07:00,M,297.7,308.9,1573,35.1,9,0,0,0,0,0,0
M018,69,2026-01-01 01:08:00,M,297.7,308.9,1327,63.7,21,0,0,0,0,0,0
M018,70,2026-01-01 01:09:00,L,297.9,309.1,1619,34.7,33,0,0,0,0,0,0
M018,71,2026-01-01 01:10:00,M,298.1,309.3,1752,25.2,77,0,0,0,0,0,0
M018,72,2026-01-01 01:11:00,L,298.0,309.2,1378,49.7,94,0,0,0,0,0,0
M018,73,2026-01-01 01:12:00,L,297.4,308.6,1532,38.7,136,0,0,0,0,0,0
M018,74,2026-01-01 01:13:00,L,297.3,308.6,1446,50.1,144,0,0,0,0,0,0
M018,75,2026-01-01 01:14:00,M,297.2,308.6,1404,43.7,160,0,0,0,0,0,0
M018,76,2026-01-01 01:15:00,L,297.2,308.5,1518,44.3,163,0,0,0,0,0,0
M018,77,2026-01-01 01:16:00,M,297.3,308.5,1524,49.3,176,0,0,0,0,0,0
M018,78,2026-01-01 01:17:00,M,297.1,308.2,1529,37.9,183,0,0,0,0,0,0
M018,79,2026-01-01 01:18:00,H,297.1,308.2,1527,42.2,199,0,0,0,0,0,0
M018,80,2026-01-01 01:19:00,M,297.3,308.3,1459,59.6,207,0,0,1,1,0,1
M018,81,2026-01-01 01:20:00,L,297.3,308.2,1601,35.7,9,0,0,0,0,0,0
M018,82,2026-01-01 01:21:00,M,297.4,308.4,1340,52.6,15,0,0,0,0,0,0
M018,83,2026-01-01 01:22:00,M,297.4,308.4,1517,41.0,18,0,0,0,0,0,0
M018,84,2026-01-01 01:23:00,L,297.3,308.3,2188,17.0,32,0,0,0,0,0,0
M018,85,2026-01-01 01:24:00,L,297.3,308.0,1447,49.0,61,0,0,0,0,0,0
M018,86,2026-01-01 01:25:00,M,297.4,308.0,1355,55.1,63,0,0,0,0,0,0
M018,87,2026-01-01 01:26:00,M,297.4,308.1,1734,27.7,70,0,0,0,0,0,0
M018,88,2026-01-01 01:27:00,M,297.2,307.9,1456,44.9,85,0,0,0,0,0,0
M018,89,2026-01-01 01:28:00,L,296.9,307.6,1514,35.7,100,0,0,0,0,0,0
M018,90,2026-01-01 01:29:00,L,297.0,307.7,1502,39.4,126,0,0,0,0,0,0
M018,91,2026-01-01 01:30:00,L,297.2,307.9,1825,24.6,142,0,0,0,0,0,0
M018,92,2026-01-01 01:31:00,H,297.2,307.9,1450,37.2,151,0,0,0,0,0,0
M018,93,2026-01-01 01:32:00,L,297.2,307.9,1540,37.1,164,0,0,0,0,0,0
M018,94,2026-01-01 01:33:00,L,297.1,308.0,1467,42.8,169,0,0,0,0,0,0
M018,95,2026-01-01 01:34:00,L,297.0,307.9,1493,46.1,173,0,0,0,0,0,0
M018,96,2026-01-01 01:35:00,M,297.1,307.8,1538,34.3,181,0,0,0,0,0,0
M018,97,2026-01-01 01:36:00,L,297.2,308.0,1705,26.0,200,0,0,0,0,0,0
M018,98,2026-01-01 01:37:00,M,297.2,308.1,1340,61.3,207,0,0,0,1,0,1
M018,99,2026-01-01 01:38:00,L,297.2,308.1,1431,49.7,210,0,0,0,0,0,1
M018,100,2026-01-01 01:39:00,L,297.3,308.2,1396,52.7,212,0,0,0,1,0,1
M019,1,2026-01-01 00:00:00,L,297.3,308.1,1615,35.4,217,1,0,0,0,0,1
M019,2,2026-01-01 00:01:00,L,297.5,308.4,1440,35.9,13,0,0,0,0,0,0
M019,3,2026-01-01 00:02:00,L,297.4,308.3,1723,28.8,33,0,0,0,0,0,0
M019,4,2026-01-01 00:03:00,M,297.3,308.3,1341,51.9,51,0,0,0,0,0,0
M019,5,2026-01-01 00:04:00,L,297.3,308.3,1550,37.0,54,0,0,0,0,0,0
M019,6,2026-01-01 00:05:00,L,297.4,308.4,1378,39.9,63,0,0,0,0,0,0
M019,7,2026-01-01 00:06:00,M,297.2,308.3,1326,57.2,100,0,0,0,0,0,0
M019,8,2026-01-01 00:07:00,H,297.1,308.2,1790,30.3,128,0,0,0,0,0,0
M019,9,2026-01-01 00:08:00,H,297.2,308.1,1770,27.2,140,0,0,0,0,0,0
M019,10,2026-01-01 00:09:00,L,297.2,308.1,1474,44.3,152,0,0,0,0,0,0
M019,11,2026-01-01 00:10:00,L,297.3,308.0,1527,35.1,165,0,0,0,0,0,0
M019,12,2026-01-01 00:11:00,L,297.2,307.9,1326,75.4,172,0,0,1,1,0,1
M019,13,2026-01-01 00:12:00,L,297.1,307.8,1428,43.7,179,0,0,0,0,0,0
M019,14,2026-01-01 00:13:00,M,297.2,308.0,1765,31.1,191,0,0,0,0,0,0
M019,15,2026-01-01 00:14:00,L,297.3,308.1,1568,34.4,194,0,0,0,0,0,0
M019,16,2026-01-01 00:15:00,M,297.3,308.2,1677,34.9,21,0,0,0,0,0,0
M019,17,2026-01-01 00:16:00,M,297.6,308.7,1475,46.6,54,0,0,0,0,0,0
M019,18,2026-01-01 00:17:00,L,297.4,308.4,1525,38.7,62,0,0,0,0,0,0
M019,19,2026-01-01 00:18:00,L,297.3,308.3,1396,45.9,64,0,0,0,0,0,0
M019,20,2026-01-01 00:19:00,L,297.4,308.5,1462,42.8,68,0,0,0,0,0,0
M019,21,2026-01-01 00:20:00,H,297.7,308.8,1404,50.3,97,0,0,0,0,0,0
M019,22,2026-01-01 00:21:00,L,297.7,308.7,1694,29.1,102,0,0,0,0,0,0
M019,23,2026-01-01 00:22:00,L,297.6,308.5,1574,37.1,121,0,0,0,0,0,0
M019,24,2026-01-01 00:23:00,L,297.7,308.7,1688,27.2,125,0,0,0,0,0,0
M019,25,2026-01-01 00:24:00,M,297.5,308.6,1347,57.0,132,0,0,0,0,0,0
M019,26,2026-01-01 00:25:00,L,297.5,308.5,1462,52.3,148,0,0,0,0,0,0
M019,27,2026-01-01 00:26:00,H,297.4,308.4,1487,46.2,150,0,0,0,0,0,0
M019,28,2026-01-01 00:27:00,L,297.6,308.6,1326,62.4,173,0,0,0,0,0,0
M019,29,2026-01-01 00:28:00,L,297.7,308.9,1715,27.2,193,0,0,0,0,0,0
M019,30,2026-01-01 00:29:00,L,297.8,308.9,1871,25.6,200,1,0,0,0,0,1
M019,31,2026-01-01 00:30:00,L,297.8,309.0,1403,64.2,0,0,0,1,0,0,1
M019,32,2026-01-01 00:31:00,L,297.8,309.0,1340,56.9,6,0,0,0,0,0,0
M019,33,2026-01-01 00:32:00,L,297.9,309.1,1543,36.6,20,0,0,0,0,0,0
M019,34,2026-01-01 00:33:00,L,298.0,309.2,1665,36.6,22,0,0,0,0,0,0
M019,35,2026-01-01 00:34:00,M,297.9,309.0,1530,40.9,42,0,0,0,0,0,0
M019,36,2026-01-01 00:35:00,L,297.8,308.8,1579,32.9,70,0,0,0,0,0,0
M019,37,2026-01-01 00:36:00,M,297.9,308.9,1547,44.0,72,0,0,0,0,0,0
M019,38,2026-01-01 00:37:00,L,298.0,308.9,1508,37.1,92,0,0,0,0,0,0
M019,39,2026-01-01 00:38:00,H,297.7,308.8,1469,43.7,96,0,0,0,0,0,0
M019,40,2026-01-01 00:39:00,L,297.8,308.8,1421,49.6,101,0,0,0,0,0,0
M019,41,2026-01-01 00:40:00,L,297.7,308.8,1354,50.2,103,0,0,0,0,0,0
M019,42,2026-01-01 00:41:00,M,297.9,309.0,1525,38.5,113,0,0,0,0,0,0
M019,43,2026-01-01 00:42:00,L,297.9,309.0,1450,46.8,118,0,0,0,0,0,0
M019,44,2026-01-01 00:43:00,L,298.2,309.2,1922,22.6,132,0,0,0,0,0,0
M019,45,2026-01-01 00:44:00,M,298.2,308.8,1456,41.2,150,0,0,0,0,0,0
M019,46,2026-01-01 00:45:00,H,298.2,308.8,1436,51.9,153,0,0,0,0,0,0
M019,47,2026-01-01 00:46:00,M,298.1,308.7,1362,49.6,158,0,0,0,0,0,0
M019,48,2026-01-01 00:47:00,L,298.3,308.8,1454,49.0,166,0,0,0,0,0,0
M019,49,2026-01-01 00:48:00,L,298.3,309.0,1657,32.2,179,0,0,0,0,0,0
M019,50,2026-01-01 00:49:00,H,298.3,309.0,1823,25.9,181,0,0,0,0,0,0
M019,51,2026-01-01 00:50:00,L,298.2,309.1,1569,35.2,199,0,0,0,0,0,0
M019,52,2026-01-01 00:51:00,H,298.3,309.0,1379,43.2,0,0,0,0,0,0,0
M019,53,2026-01-01 00:52:00,M,298.2,309.0,1694,28.0,5,0,0,0,0,0,0
M019,54,2026-01-01 00:53:00,H,298.2,308.7,1520,35.7,40,0,0,0,0,0,0
M019,55,2026-01-01 00:54:00,M,298.2,308.9,1414,44.3,68,0,0,0,0,0,0
M019,56,2026-01-01 00:55:00,M,298.3,309.0,1802,27.5,71,0,0,0,0,0,0
M019,57,2026-01-01 00:56:00,L,298.2,308.9,1683,31.7,74,0,0,0,0,0,0
M019,58,2026-01-01 00:57:00,M,298.1,308.9,1479,43.4,105,0,0,0,0,0,0
M019,59,2026-01-01 00:58:00,M,298.1,308.9,1804,25.1,118,0,0,0,0,0,0
M019,60,2026-01-01 00:59:00,M,298.3,309.2,1783,28.3,130,0,0,0,0,0,0
M019,61,2026-01-01 01:00:00,L,298.3,309.2,1562,37.6,137,0,0,0,0,0,0
M019,62,2026-01-01 01:01:00,L,298.5,309.5,1480,38.1,160,0,0,0,0,0,0
M019,63,2026-01-01 01:02:00,L,298.5,309.4,1364,44.5,162,0,0,0,0,0,0
M019,64,2026-01-01 01:03:00,L,298.5,309.4,1911,21.5,164,0,0,0,0,0,0
M019,65,2026-01-01 01:04:00,L,298.4,309.2,1335,53.5,168,0,0,0,0,0,0
M019,66,2026-01-01 01:05:00,H,298.5,309.1,2051,19.0,184,0,0,0,0,0,0
M019,67,2026-01-01 01:06:00,L,298.5,309.1,1474,41.3,189,0,0,0,0,0,0
M019,68,2026-01-01 01:07:00,L,298.5,308.9,1725,31.9,205,0,0,0,0,0,0
M019,69,2026-01-01 01:08:00,L,298.5,309.0,1458,44.8,217,0,0,0,0,0,0
M019,70,2026-01-01 01:09:00,H,298.3,308.9,1706,31.8,8,0,0,0,0,0,0
M019,71,2026-01-01 01:10:00,L,298.2,308.8,1616,33.7,16,0,0,0,0,0,0
M019,72,2026-01-01 01:11:00,L,298.2,308.8,1442,47.0,18,0,0,0,0,0,0
M019,73,2026-01-01 01:12:00,L,298.2,308.7,1436,49.1,26,0,0,0,0,0,0
M019,74,2026-01-01 01:13:00,L,298.2,308.7,2186,17.8,31,0,0,0,0,0,0
M019,75,2026-01-01 01:14:00,L,298.3,308.9,1708,28.0,42,0,0,0,0,0,0
M019,76,2026-01-01 01:15:00,M,298.3,308.9,1646,25.4,46,0,0,0,0,0,0
M019,77,2026-01-01 01:16:00,L,298.0,308.6,1532,42.6,54,0,0,0,0,0,0
M019,78,2026-01-01 01:17:00,M,298.0,308.5,1682,33.0,58,0,0,0,0,0,0
M019,79,2026-01-01 01:18:00,L,297.9,308.5,1519,34.3,61,0,0,0,0,0,0
M019,80,2026-01-01 01:19:00,L,297.9,308.5,1472,45.1,70,0,0,0,0,0,0
M019,81,2026-01-01 01:20:00,L,297.7,308.4,1487,41.4,84,0,0,0,0,0,0
M019,82,2026-01-01 01:21:00,M,297.8,308.5,1466,44.7,88,0,0,0,0,0,0
M019,83,2026-01-01 01:22:00,H,297.7,308.4,1738,27.7,96,0,0,0,0,0,0
M019,84,2026-01-01 01:23:00,L,297.5,308.2,1610,33.6,115,0,0,0,0,0,0
M019,85,2026-01-01 01:24:00,L,297.6,308.1,1437,46.3,149,0,0,0,0,0,0
M019,86,2026-01-01 01:25:00,M,297.7,308.1,1469,48.8,183,0,0,0,0,0,0
M019,87,2026-01-01 01:26:00,H,297.9,308.4,1637,34.5,191,0,0,0,0,0,0
M019,88,2026-01-01 01:27:00,L,298.0,308.5,1664,28.3,196,0,0,0,0,0,0
M019,89,2026-01-01 01:28:00,L,298.1,308.6,1354,53.9,207,0,0,0,1,0,1
M019,90,2026-01-01 01:29:00,M,298.1,308.5,1463,45.9,3,0,0,0,0,0,0
M019,91,2026-01-01 01:30:00,M,298.1,308.5,1382,54.5,17,0,0,0,0,0,0
M019,92,2026-01-01 01:31:00,L,298.2,308.8,1540,34.8,32,0,0,0,0,0,0
M019,93,2026-01-01 01:32:00,L,298.2,308.8,1498,36.0,39,0,0,0,0,0,0
M019,94,2026-01-01 01:33:00,L,298.0,308.6,1430,57.0,43,0,0,0,0,0,0
M019,95,2026-01-01 01:34:00,L,298.0,308.7,1619,40.1,45,0,0,0,0,0,0
M019,96,2026-01-01 01:35:00,M,298.1,308.7,1315,56.8,59,0,0,0,0,0,0
M019,97,2026-01-01 01:36:00,M,298.2,309.0,1446,45.8,80,0,0,0,0,0,0
M019,98,2026-01-01 01:37:00,M,298.0,308.7,1494,42.6,96,0,0,0,0,0,0
M019,99,2026-01-01 01:38:00,L,298.4,309.1,1417,40.6,121,0,0,0,0,0,0
M019,100,2026-01-01 01:39:00,M,298.5,309.3,1552,36.8,133,0,0,0,0,0,0
M020,1,2026-01-01 00:00:00,L,298.6,309.4,1440,48.2,136,0,0,0,0,0,0
M020,2,2026-01-01 00:01:00,H,298.9,309.6,1600,33.5,175,0,0,0,0,0,0
M020,3,2026-01-01 00:02:00,H,298.8,309.6,1309,57.4,185,0,0,0,0,0,0
M020,4,2026-01-01 00:03:00,L,299.1,309.9,1586,36.6,215,0,0,0,0,0,0
M020,5,2026-01-01 00:04:00,L,299.1,309.8,1398,55.4,217,0,0,0,1,0,1
M020,6,2026-01-01 00:05:00,L,299.2,310.2,1697,30.6,12,0,0,0,0,0,0
M020,7,2026-01-01 00:06:00,L,299.3,310.3,1396,47.4,14,0,0,0,0,0,0
M020,8,2026-01-01 00:07:00,M,299.2,310.3,1551,44.8,18,0,0,0,0,0,0
M020,9,2026-01-01 00:08:00,H,299.3,310.4,1548,41.6,25,0,0,0,0,0,0
M020,10,2026-01-01 00:09:00,M,299.2,310.4,1502,39.8,34,0,0,0,0,0,0
M020,11,2026-01-01 00:10:00,L,299.0,310.1,1375,48.9,59,0,0,0,0,0,0
M020,12,2026-01-01 00:11:00,L,299.0,310.2,1494,40.6,67,0,0,0,0,0,0
M020,13,2026-01-01 00:12:00,L,299.2,310.5,1384,48.7,93,0,0,0,0,0,0
M020,14,2026-01-01 00:13:00,L,299.2,310.5,1705,29.5,95,0,0,0,0,0,0
M020,15,2026-01-01 00:14:00,L,299.3,310.6,1443,45.7,97,0,0,0,0,0,0
M020,16,2026-01-01 00:15:00,M,299.3,310.6,1609,31.4,99,0,0,0,0,0,0
M020,17,2026-01-01 00:16:00,L,299.3,310.5,1818,26.0,102,0,0,0,0,0,0
M020,18,2026-01-01 00:17:00,L,299.4,310.8,1424,47.7,109,0,0,0,0,0,0
M020,19,2026-01-01 00:18:00,M,299.5,310.8,1754,31.3,114,0,0,0,0,0,0
M020,20,2026-01-01 00:19:00,L,299.6,311.0,1430,38.3,124,0,0,0,0,0,0
M020,21,2026-01-01 00:20:00,H,299.7,310.8,1418,46.6,197,0,0,0,0,0,0
M020,22,2026-01-01 00:21:00,L,299.6,310.7,1922,23.3,205,1,0,0,0,0,1
M020,23,2026-01-01 00:22:00,L,299.5,310.7,1589,33.5,5,0,0,0,0,0,0
M020,24,2026-01-01 00:23:00,L,298.9,310.1,1510,38.0,52,0,0,0,0,0,0
M020,25,2026-01-01 00:24:00,L,298.9,310.1,2109,18.0,61,0,0,0,0,0,0
M020,26,2026-01-01 00:25:00,H,299.0,310.2,1637,38.0,68,0,0,0,0,0,0
M020,27,2026-01-01 00:26:00,L,299.0,310.2,1377,62.5,92,0,0,1,0,0,1
M020,28,2026-01-01 00:27:00,L,299.1,310.2,1425,52.7,154,0,0,0,0,0,0
M020,29,2026-01-01 00:28:00,H,299.3,310.4,1393,44.9,162,0,0,0,0,0,0
M020,30,2026-01-01 00:29:00,L,299.1,310.1,1416,41.2,185,0,0,0,0,0,0
M020,31,2026-01-01 00:30:00,H,299.1,310.0,1657,33.1,187,0,0,0,0,0,0
M020,32,2026-01-01 00:31:00,M,299.0,310.0,1488,46.3,198,0,0,0,0,0,0
M020,33,2026-01-01 00:32:00,L,299.0,309.9,1373,55.7,201,0,0,0,1,0,1
M020,34,2026-01-01 00:33:00,L,299.1,310.0,1367,56.3,203,0,0,0,1,0,1
M020,35,2026-01-01 00:34:00,L,299.0,310.1,1623,33.0,210,0,0,0,0,0,0
M020,36,2026-01-01 00:35:00,L,298.9,309.8,1287,61.9,216,0,0,0,1,0,1
M020,37,2026-01-01 00:36:00,H,299.0,310.0,1458,44.9,221,0,0,0,0,0,0
M020,38,2026-01-01 00:37:00,L,299.1,310.1,1435,48.8,229,0,0,0,1,0,1
M020,39,2026-01-01 00:38:00,L,299.1,310.2,1317,54.8,231,0,0,0,1,0,1
M020,40,2026-01-01 00:39:00,M,299.1,310.3,1838,24.0,235,0,0,0,0,0,0
M020,41,2026-01-01 00:40:00,L,299.2,310.3,1352,48.9,238,0,0,0,1,0,1
M020,42,2026-01-01 00:41:00,M,298.9,310.0,1520,35.6,48,0,0,0,0,0,0
M020,43,2026-01-01 00:42:00,L,298.8,309.8,1663,28.2,67,0,0,0,0,0,0
M020,44,2026-01-01 00:43:00,L,298.8,309.8,1508,36.3,69,0,0,0,0,0,0
M020,45,2026-01-01 00:44:00,L,299.1,310.2,1496,45.0,104,0,0,0,0,0,0
M020,46,2026-01-01 00:45:00,L,299.1,310.1,1373,55.6,108,0,0,0,0,0,0
M020,47,2026-01-01 00:46:00,H,298.8,309.8,1911,21.6,126,0,0,0,0,0,0
M020,48,2026-01-01 00:47:00,L,298.8,309.8,1461,39.4,141,0,0,0,0,0,0
M020,49,2026-01-01 00:48:00,M,298.9,310.1,1441,41.2,189,0,0,0,0,0,0
M020,50,2026-01-01 00:49:00,L,298.5,309.8,1593,35.1,203,0,0,0,0,0,0
M020,51,2026-01-01 00:50:00,L,298.6,309.8,1597,35.9,213,0,0,0,0,0,0
M020,52,2026-01-01 00:51:00,M,298.6,309.9,1517,34.0,215,0,0,0,0,0,0
M020,53,2026-01-01 00:52:00,L,298.6,309.8,2271,16.2,218,1,0,0,0,0,1
M020,54,2026-01-01 00:53:00,L,298.6,309.7,1703,26.1,5,0,0,0,0,0,0
M020,55,2026-01-01 00:54:00,L,298.5,309.5,1294,66.7,12,0,0,1,0,0,1
M020,56,2026-01-01 00:55:00,L,298.6,309.6,1563,35.0,21,0,0,0,0,0,0
M020,57,2026-01-01 00:56:00,H,298.6,309.5,1375,41.0,39,0,0,0,0,0,0
M020,58,2026-01-01 00:57:00,M,298.6,309.5,1684,27.8,44,0,0,0,0,0,0
M020,59,2026-01-01 00:58:00,L,298.8,309.8,1509,36.2,57,0,0,0,0,0,0
M020,60,2026-01-01 00:59:00,M,298.8,309.8,1477,46.7,59,0,0,0,0,0,0
M020,61,2026-01-01 01:00:00,L,298.5,309.3,1623,33.1,109,0,0,0,0,0,0
M020,62,2026-01-01 01:01:00,L,298.4,309.2,1651,28.5,141,0,0,0,0,0,0
M020,63,2026-01-01 01:02:00,L,298.2,309.0,1610,31.7,155,0,0,0,0,0,0
M020,64,2026-01-01 01:03:00,L,298.3,309.1,1387,52.3,160,0,0,0,0,0,0
M020,65,2026-01-01 01:04:00,M,298.6,309.4,1464,36.9,179,0,0,0,0,0,0
M020,66,2026-01-01 01:05:00,L,298.5,309.4,1360,60.9,187,0,0,0,1,0,1
M020,67,2026-01-01 01:06:00,M,298.4,309.4,1429,41.8,203,0,0,0,0,0,0
M020,68,2026-01-01 01:07:00,L,298.3,309.3,1337,56.1,206,0,0,0,1,0,1
M020,69,2026-01-01 01:08:00,L,298.4,309.3,1545,36.9,3,0,0,0,0,0,0
M020,70,2026-01-01 01:09:00,M,298.4,309.3,1390,53.6,5,0,0,0,0,0,0
M020,71,2026-01-01 01:10:00,L,298.4,309.3,1395,47.6,24,0,0,0,0,0,0
M020,72,2026-01-01 01:11:00,L,298.3,309.2,1383,52.1,26,0,0,0,0,0,0
M020,73,2026-01-01 01:12:00,M,298.5,309.3,1761,27.2,49,0,0,0,0,0,0
M020,74,2026-01-01 01:13:00,M,298.6,309.5,1580,33.9,70,0,0,0,0,0,0
M020,75,2026-01-01 01:14:00,M,298.8,309.7,1439,45.8,81,0,0,0,0,0,0
M020,76,2026-01-01 01:15:00,M,298.9,309.8,2450,13.9,89,0,0,0,0,0,0
M020,77,2026-01-01 01:16:00,L,299.0,309.9,1411,44.7,94,0,0,0,0,0,0
M020,78,2026-01-01 01:17:00,L,298.9,309.9,1526,35.4,96,0,0,0,0,0,0
M020,79,2026-01-01 01:18:00,L,298.9,309.9,1590,31.3,98,0,0,0,0,0,0
M020,80,2026-01-01 01:19:00,L,298.9,309.9,1373,52.1,108,0,0,0,0,0,0
M020,81,2026-01-01 01:20:00,M,298.9,309.9,1449,44.1,112,0,0,0,0,0,0
M020,82,2026-01-01 01:21:00,L,298.7,309.7,1293,59.1,125,0,0,0,0,0,0
M020,83,2026-01-01 01:22:00,L,298.8,309.3,1357,47.1,176,0,0,0,0,0,0
M020,84,2026-01-01 01:23:00,M,298.7,309.2,1423,48.9,187,0,0,0,0,0,0
M020,85,2026-01-01 01:24:00,M,298.7,309.2,1437,45.7,195,0,0,0,0,0,0
M020,86,2026-01-01 01:25:00,L,298.5,308.8,1589,30.6,11,0,0,0,0,0,0
M020,87,2026-01-01 01:26:00,M,298.5,308.7,1662,28.3,15,0,0,0,0,0,0
M020,88,2026-01-01 01:27:00,M,298.4,308.5,1576,27.4,55,0,0,0,0,0,0
M020,89,2026-01-01 01:28:00,H,298.4,308.4,1479,39.2,58,0,0,0,0,0,0
M020,90,2026-01-01 01:29:00,L,298.3,308.3,1597,32.4,69,0,0,0,0,0,0
M020,91,2026-01-01 01:30:00,L,298.3,308.1,1505,46.1,80,0,0,0,0,0,0
M020,92,2026-01-01 01:31:00,M,298.2,307.9,1529,36.6,105,0,0,0,0,0,0
M020,93,2026-01-01 01:32:00,L,298.3,307.9,1507,41.2,149,0,0,0,0,0,0
M020,94,2026-01-01 01:33:00,L,298.4,308.0,1605,32.4,154,0,0,0,0,0,0
M020,95,2026-01-01 01:34:00,L,298.6,308.2,1361,68.2,172,0,0,1,1,0,1
M020,96,2026-01-01 01:35:00,M,298.6,308.3,1589,34.1,174,0,0,0,0,0,0
M020,97,2026-01-01 01:36:00,H,298.6,308.3,1377,52.1,181,0,0,0,0,0,0
M020,98,2026-01-01 01:37:00,L,298.7,308.4,1694,28.7,195,0,0,0,0,0,0
M020,99,2026-01-01 01:38:00,M,298.8,308.5,1577,33.2,0,0,0,0,0,0,0
M020,100,2026-01-01 01:39:00,L,298.8,308.5,1527,36.2,3,0,0,0,0,0,0
